Word,Language_Count,English,Spanish,French,Italian,Portuguese,Romanian,Catalan,Galician
ADN,3,,,,,,1,1,1
Android,3,,,1,,,,1,1
Arquivo,2,,,,,1,,,1
Banco,2,,1,,,1,,,
Blog,2,,1,1,,,,,
CD,4,,1,1,,1,1,,
CEO,4,,1,,,1,1,1,
Continuar,2,,1,,,1,,,
Costa,3,,,,,1,,1,1
Cuidado,2,,1,,,1,,,
DNA,2,,,,1,1,,,
Data,2,,,,1,,1,,
Desafortunadamente,2,,1,,,,,,1
Entrada,2,,1,,,1,,,
Entre,2,,1,,,1,,,
Fals,2,,,,,,1,1,
Falso,3,,1,,,1,,,1
Ferrovia,2,,,,1,1,,,
Festival,3,,,1,1,,,1,
Galerie,2,,,1,,,1,,
Ha,2,,,1,,,1,,
Halloween,4,,,1,1,,1,1,
Hmm,2,,,1,1,,,,
Hola,2,,1,,,,,1,
Internet,4,,1,,1,1,1,,
Islam,2,,,1,1,,,,
Lobo,2,,1,,,1,,,
Luna,2,,1,,1,,,,
Magia,2,,,,1,1,,,
Nadal,2,,,,,,,1,1
Nord,2,,,1,,,1,,
Nota,4,,1,,1,1,,,1
OK,2,,1,,,1,,,
OMS,2,,,,,,,1,1
Oh,5,,1,1,1,1,1,,
Oliva,2,,,,,1,,1,
Papa,2,,1,,,,,,1
Pato,2,,1,,,1,,,
Paz,2,,,,,1,,,1
Pizza,3,,1,1,1,,,,
Porto,2,,,,,1,,,1
Presidente,2,,,,1,1,,,
Principe,2,,,,1,1,,,
Príncipe,2,,1,,,,,,1
Reino,2,,1,,,1,,,
Rosa,2,,1,,,1,,,
Sud,2,,,1,1,,,,
Teatro,2,,,,1,1,,,
Tesoro,2,,1,,1,,,,
Toro,2,,1,,1,,,,
Twitter,2,,,1,,1,,,
Unido,2,,1,,,1,,,
Valle,2,,1,,1,,,,
Verifica,2,,,,,1,1,,
Wow,2,,,1,,,1,,
a,6,1,1,,1,1,,1,1
a partir de,2,,1,,,1,,,
a través de,3,,1,,,,,1,1
aah,7,1,1,,1,1,1,1,1
abaixo,2,,,,,1,,,1
abandon,2,1,,,,,1,,
abandonar,3,,1,,,,,1,1
abella,2,,,,,,,1,1
abertamente,2,,,,,1,,,1
abordar,2,,,,,,,1,1
aborto,4,,1,,1,1,,,1
abraçar,2,,,,,1,,1,
abrigo,3,,1,,,1,,,1
abril,4,,1,,,1,,1,1
absence,2,1,,1,,,,,
absolut,2,,,,,,1,1,
absolutamente,3,,1,,,1,,,1
absoluto,3,,1,,,1,,,1
absorber,3,,1,1,,,,,1
abstract,2,1,,,,,1,,
abstracto,2,,1,,,,,,1
aburrido,2,,1,,,,,,1
abuso,3,,1,,1,,,,1
academia,2,,1,,,,,,1
academic,2,1,,,,,1,,
académico,2,,1,,,,,,1
accent,4,1,,1,,,1,1,
acceptable,3,1,,1,,,,1,
accesible,2,,1,,,,,,1
acceso,2,,1,,,,,,1
accessible,3,1,,1,,,,1,
accident,4,1,,1,,,1,1,
accidente,2,,1,,,,,,1
acción,2,,1,,,,,,1
account,2,1,,,1,,,,
accusation,2,1,,1,,,,,
aceite,2,,1,,,,,,1
aceno,2,,,,,1,,,1
acento,2,,1,,,,,,1
aceptable,2,,1,,,,,,1
aceptación,2,,1,,,,,,1
aceptar,2,,1,,,,,,1
acid,2,1,,,,,1,,
aclarar,2,,1,,,,,,1
acomodar,4,,1,,,1,,1,1
acompañar,2,,1,,,,,,1
aconsellar,2,,,,,,,1,1
acord,2,,,,,,1,1,
acordar,2,,,,,1,,1,
acordo,2,,,,,1,,,1
acoso,2,,1,,,,,,1
acquisition,2,1,,1,,,,,
acre,5,1,1,1,,,,1,1
act,2,1,,,,,1,,
action,2,1,,1,,,,,
actitud,2,,1,,,,,1,
activamente,2,,1,,,,,,1
activist,2,1,,,,,1,,
activista,3,,1,,,,,1,1
activo,2,,1,,,,,,1
actor,5,1,1,,,,1,1,1
actual,4,1,,,,,1,1,1
actualizar,2,,1,,,,,,1
actualmente,2,,1,,,,,,1
actuar,3,,1,,,,,1,1
acusación,2,,1,,,,,,1
acusar,4,,1,,,1,,1,1
ad,2,1,,,,,,1,
adaptación,2,,1,,,,,,1
adaptar,4,,1,,,1,,1,1
adaptation,2,1,,1,,,,,
adecuado,2,,1,,,,,,1
adeus,2,,,,,1,,,1
adicional,3,,1,,,1,,,1
adición,2,,1,,,,,,1
adjuntar,2,,1,,,,,1,
administración,2,,1,,,,,,1
administrador,4,,1,,,1,,1,1
administrar,3,,1,,,,,1,1
administration,2,1,,1,,,,,
administrativo,3,,1,,,1,,,1
administrator,2,1,,,,,1,,
admirar,4,,1,,,1,,1,1
admisión,2,,1,,,,,,1
admission,2,1,,1,,,,,
admitir,2,,1,,,,,,1
adn,2,,1,1,,,,,
adolescent,4,1,,1,,,1,1,
adolescente,4,,1,,1,1,,,1
adopción,2,,1,,,,,,1
adoptar,3,,1,,,,,1,1
adoption,2,1,,1,,,,,
adormit,2,,,,,,1,1,
adquirir,4,,1,,,1,,1,1
adquisición,2,,1,,,,,,1
adult,3,1,,,,,1,1,
adulto,4,,1,,1,1,,,1
aeronave,3,,1,,,1,1,,
aeroport,2,,,,,,1,1,
aeroporto,3,,,,1,1,,,1
afectar,3,,1,,,,,1,1
affiliation,2,1,,1,,,,,
afiado,2,,,,,1,,,1
afiliación,2,,1,,,,,,1
afinar,3,,,,,1,,1,1
afirmar,4,,1,,,1,,1,1
afogar,2,,,,,1,,,1
african,2,1,,,,,1,,
africano,4,,1,,1,1,,,1
afroamericano,3,,1,,1,,,,1
agenda,5,1,1,,1,1,,1,
agent,4,1,,1,,,1,1,
agente,3,,1,,1,1,,,
ago,2,1,,,1,,,,
agora,2,,,,,1,,,1
agosto,4,,1,,1,1,,,1
agradable,3,,1,,,,,1,1
agradecido,2,,1,,,,,,1
agresivo,2,,1,,,,,,1
agricultor,2,,,,,1,1,,
agricultura,4,,1,,,1,,1,1
agriculture,2,1,,1,,,,,
agrícola,3,,1,,,1,,1,
agua,2,,1,,,1,,,
aguantar,2,,,,,,,1,1
agulla,2,,,,,,,1,1
ah,6,1,1,,1,1,,1,1
aide,2,1,,1,,,,,
air,2,1,,1,,,,,
aire,3,,1,,,,,1,1
ajuda,2,,,,,1,,1,
ajustar,3,,1,,,1,,1,
ala,3,,1,,1,,,1,
alarma,4,,1,,,,1,1,1
alarme,2,,,1,,1,,,
album,4,1,,1,1,,1,,
alcalde,3,,1,,,,,1,1
alcance,3,,1,,,1,,,1
alcohol,4,1,1,,,,,1,1
aleatorio,2,,1,,,,,,1
alegación,2,,1,,,,,,1
alegría,2,,1,,,,,,1
alemán,2,,1,,,,,,1
alentador,2,,1,,,,,,1
alfa,6,,1,,1,1,1,1,1
alfinete,2,,,,,1,,,1
alfombra,2,,1,,,,,,1
algo,3,,1,,,1,,,1
algodón,2,,1,,,,,,1
alguns,2,,,,,1,,1,
algún día,2,,1,,,,,,1
aliado,3,,1,,,1,,,1
aliança,2,,,,,1,,1,
aliat,2,,,,,,1,1,
alimentación,2,,1,,,,,,1
alimentar,2,,,,,1,,1,
alinear,2,,1,,,,,1,
aliviar,3,,1,,,1,,,1
alma,3,,1,,,1,,,1
almofada,2,,,,,1,,,1
alpha,2,1,,1,,,,,
altamente,4,,1,,1,1,,,1
alterar,4,,1,,,1,,1,1
alternativa,4,,1,,1,,,1,1
alternative,2,1,,1,,,,,
alto,4,,1,,1,1,,,1
altura,3,,1,,,1,,,1
amable,3,,1,,,,,1,1
amada,2,,,,,1,,,1
amant,2,,,,,,1,1,
amante,4,,1,,1,1,,,1
amar,2,,,,,1,1,,
amarelo,2,,,,,1,,,1
amargo,3,,1,,,1,,,1
ambicioso,3,,1,,,1,,,1
ambición,2,,1,,,,,,1
ambiental,3,,1,,,,,1,1
ambiente,4,,1,,1,1,,,1
ambition,2,1,,1,,,,,
ambos,2,,1,,,,,,1
american,2,1,,,,,1,,
americano,4,,1,,1,1,,,1
amigable,2,,,,,,,1,1
amigo,3,,1,,,1,,,1
amizade,2,,,,,1,,,1
amor,4,,1,,,1,,1,1
amoroso,2,,1,,,1,,,
ampliar,2,,1,,,1,,,
an,2,,,1,,,1,,
analista,5,,1,,1,1,,1,1
analizar,2,,1,,,,,,1
ancho,2,,1,,,,,,1
andar,2,,,,,1,,,1
android,2,1,,,,,1,,
androide,2,,1,,1,,,,
anel,2,,,,,1,,,1
anfitrión,2,,1,,,,,,1
angle,3,1,,1,,,,1,
animal,7,1,1,1,,1,1,1,1
animar,3,,1,,,,,1,1
aniversario,2,,1,,,,,,1
ano,2,,,,,1,,,1
ansiedade,2,,,,,1,,,1
ansioso,4,,1,,1,1,,,1
antepasado,2,,1,,,,,,1
anterior,5,,1,,,1,1,1,1
anteriormente,2,,,,,1,,,1
antes de,2,,1,,,1,,,
antigo,2,,,,,1,,,1
anual,5,,1,,,1,1,1,1
anualmente,3,,1,,,1,,,1
anunciar,4,,1,,,1,,1,1
anuncio,2,,1,,,,,,1
análise,2,,,,,1,,,1
anónimo,2,,1,,,,,,1
ao lado,2,,,,,1,,,1
apagado,2,,1,,,,,,1
apaixonado,2,,,,,1,,,1
aparecer,3,,1,,,1,,,1
aparent,2,,,,,,1,1,
aparente,3,,1,,,1,,,1
aparentemente,3,,1,,,1,,,1
apartament,2,,,,,,1,1,
apartamento,2,,,,,1,,,1
aparte,2,,1,,,,,,1
apenas,3,,1,,,1,,,1
apertura,3,,1,,1,,,,1
aplicación,2,,1,,,,,,1
aplicar,2,,,,,,,1,1
aposta,3,,,,,1,,1,1
app,2,1,,,1,,,,
apparent,2,1,,1,,,,,
application,2,1,,1,,,,,
apreciar,3,,,,,1,,1,1
aprender,3,,1,,,1,,,1
aprendiz,3,,1,,,1,,,1
aprobación,2,,1,,,,,,1
aprobar,2,,1,,,,,,1
apropiado,2,,1,,,,,,1
aprovar,2,,,,,1,,1,
aproveitar,2,,,,,1,,,1
aproximadamente,3,,1,,,1,,,1
aquí,3,,1,,,,,1,1
ar,2,,,,,1,1,,
arab,2,1,,,,,1,,
arbre,2,,,1,,,,1,
arbusto,3,,1,,,1,,,1
arc,3,,,1,,,1,1,
architecture,2,1,,1,,,,,
arco,3,,,,1,1,,,1
area,2,1,,,,,,,1
arena,5,1,1,,1,1,,1,
argila,2,,,,,1,,1,
argument,4,1,,1,,,1,1,
argumentar,3,,,,,1,,1,1
argumento,3,,1,,,1,,,1
arma,5,,1,,1,1,,1,1
armado,3,,1,,,1,,,1
armario,2,,1,,,,,,1
armat,2,,,,,,1,1,
arquitecto,2,,1,,,,,,1
arquitectura,3,,1,,,,,1,1
arquivo,2,,,,,1,,,1
arrangement,2,1,,1,,,,,
arrastrar,2,,1,,,,,,1
arreglar,2,,1,,,,,1,
arrepentirse,2,,1,,,,,,1
arresto,2,,,,1,,,,1
arriba,2,,1,,,,,,1
arriscado,2,,,,,1,,,1
arroz,3,,1,,,1,,,1
art,4,1,,1,,,,1,1
arte,2,,,,1,1,,,
artesanía,2,,1,,,,,,1
article,3,1,,1,,,,1,
artificial,5,1,1,,,1,1,1,
artigo,2,,,,,1,,,1
artist,2,1,,,,,1,,
artista,5,,1,,1,1,,1,1
artistic,2,1,,,,,1,,
artístico,3,,1,,,1,,,1
asalto,2,,1,,,,,,1
ascensor,3,,1,,,,,1,1
asegurar,2,,1,,,,,,1
asignación,2,,1,,,,,,1
asignar,2,,1,,,,,,1
asistencia,2,,1,,,,,,1
asistente,2,,1,,,,,,1
asiático,2,,1,,,,,,1
asociación,2,,1,,,,,,1
asociado,2,,1,,,,,,1
aspect,3,1,,1,,,1,,
aspecto,3,,1,,,1,,,1
assalto,2,,,,1,1,,,
assassino,2,,,,1,1,,,
assegurar,2,,,,,1,,1,
assistance,2,1,,1,,,,,
assistant,2,1,,1,,,,,
assistente,2,,,,1,1,,,
association,2,1,,1,,,,,
astrónomo,2,,1,,,,,,1
asumir,2,,1,,,,,,1
asunto,2,,1,,,,,,1
asustado,2,,1,,,,,,1
atac,2,,,,,,1,1,
ataque,3,,1,,,1,,,1
atelier,2,,,1,,,1,,
atención,2,,1,,,,,,1
atender,2,,1,,,,,,1
atleta,5,,1,,1,1,,1,1
atlético,2,,1,,,,,,1
atmosfera,5,,,,1,1,1,1,1
atracción,2,,1,,,,,,1
atractivo,2,,1,,,,,,1
atraer,2,,1,,,,,,1
atraso,2,,,,,1,,,1
atribut,2,,,,,,1,1,
atributo,3,,1,,,1,,,1
atrás,3,,1,,,1,,,1
attention,2,1,,1,,,,,
attitude,2,1,,1,,,,,
attraction,2,1,,1,,,,,
audience,2,1,,1,,,,,
aula,3,,,,1,,,1,1
aumentando,2,,,,,1,,,1
aumentar,2,,1,,,1,,,
aumento,2,,1,,1,,,,
aumentou,2,,,,,1,,,1
ausencia,2,,1,,,,,,1
auto,7,1,1,1,1,1,1,,1
autobús,3,,1,,,,,1,1
automaticamente,3,,,,1,1,,,1
automático,3,,1,,,1,,,1
autor,5,,1,,,1,1,1,1
autoridade,2,,,,,1,,,1
autorizar,3,,1,,,1,,,1
autostrada,2,,,,1,,1,,
avalar,2,,,,,,,1,1
avaliar,2,,,,,1,,,1
avance,2,,1,1,,,,,
avanzado,2,,1,,,,,,1
avançar,2,,,,,1,,1,
avenida,2,,1,,,,,,1
aventura,4,,,,,1,1,1,1
avere,2,,,,1,,1,,
avion,2,,,1,,,1,,
avisar,3,,,,,1,,1,1
aviso,3,,1,,,1,,,1
avión,2,,1,,,,,,1
avocat,2,,,1,,,1,,
azul,3,,1,,,1,,,1
backup,3,1,,,1,,1,,
bacterias,2,,1,,,,,,1
baie,2,,,1,,,1,,
bailando,2,,1,,,,,,1
bailarín,2,,1,,,,,,1
baixo,2,,,,,1,,,1
bala,4,,1,,,1,,1,1
balance,2,1,,,,,,,1
balena,2,,,,1,,,1,
baloncesto,2,,1,,,,,,1
banana,2,1,,,,1,,,
banc,2,,,1,,,,1,
bancario,2,,1,,1,,,,
bancarrota,2,,1,,,,,,1
banda,5,,1,,1,1,,1,1
bandera,2,,1,,,,,1,
bang,2,1,,,,,1,,
banqueiro,2,,,,,1,,,1
bar,8,1,1,1,1,1,1,1,1
barato,3,,1,,,1,,,1
barco,2,,,,,1,,,1
barra lateral,3,,1,,,,,1,1
barreira,2,,,,,1,,,1
barrera,2,,1,,,,,1,
barriga,2,,,,,1,,,1
barril,4,,1,,,1,,1,1
base,7,1,1,1,1,1,,1,1
base de datos,2,,1,,,,,,1
baseball,3,1,,,1,,1,,
basicamente,2,,,,,1,,,1
basketball,2,1,,1,,,,,
bastante,3,,1,,,1,,,1
bastard,2,1,,,,,,1,
batalla,3,,1,,,,,1,1
bater,2,,,,,1,,,1
batería,2,,1,,,,,,1
baño,2,,1,,,,,,1
beat,2,1,,,,,1,,
bebendo,2,,,,,1,,,1
beber,2,,1,,,,,,1
bebé,2,,1,,,,,,1
beca,2,,1,,,,,1,
beleza,2,,,,,1,,,1
bendición,2,,1,,,,,,1
beneficio,3,,1,,1,,,,1
beneficioso,2,,1,,,,,,1
benestar,2,,,,,,,1,1
bere,2,,,,1,,1,,
bestia,2,,1,,1,,,,
biblioteca,4,,,,1,1,,1,1
bicicleta,5,,1,,,1,1,1,1
bien,2,,1,1,,,,,
biologia,3,,,,1,1,,1,
biológico,2,,1,,,1,,,
bispo,2,,,,,1,,,1
bit,3,1,,1,,,,1,
bizarre,2,1,,1,,,,,
blanc,2,,,1,,,,1,
bloc,2,,,,,,1,1,
blog,5,1,,,1,1,1,,1
bo,2,,,,,,,1,1
boca,4,,1,,,1,,1,1
bol,2,,,1,,,,1,
bola,2,,1,,,1,,,
bolo,2,,,,,1,,,1
bolso,2,,1,,,1,,,
bomba,4,,1,,1,,,1,1
bombardeo,2,,1,,,,,,1
bondade,2,,,,,1,,,1
boneca,2,,,,,1,,,1
bonito,3,,1,,,1,,,1
bonus,2,1,,,1,,,,
boom,4,1,,1,1,,,1,
boost,2,1,,,,,1,,
bord,2,,,1,,,1,,
bordo,2,,,,1,,,,1
borracho,2,,1,,,,,,1
bosque,2,,1,,,,,,1
botella,2,,1,,,,,,1
botón,2,,1,,,,,,1
brazo,2,,1,,,,,,1
brecha,2,,1,,,,,,1
breve,3,,1,,1,,,,1
brevemente,4,,1,,1,1,,,1
brevet,2,,,1,,,1,,
brillant,2,,,1,,,,1,
brillante,3,,1,,1,,,,1
brillar,2,,1,,,,,1,
brisa,4,,1,,,1,,1,1
británico,2,,1,,,,,,1
broma,3,,1,,,,,1,1
browser,3,1,,,1,,1,,
brut,3,,,1,,,1,1,
brutal,7,1,1,1,,1,1,1,1
bruto,2,,1,,,,,,1
bucle,2,,,,,,,1,1
budget,2,1,,1,,,,,
bureau,2,1,,1,,,,,
burger,2,1,,,,,1,,
bus,2,1,,1,,,,,
buscar,3,,1,,,,,1,1
but,2,1,,1,,,,,
básico,3,,1,,,1,,,1
béisbol,2,,1,,,,,,1
ca,2,,,,,,1,1,
cabelo,2,,,,,1,,,1
cabeza,2,,1,,,,,,1
cabina,4,,1,,1,,,1,1
cabine,2,,,1,,1,,,
cabinet,3,1,,1,,,1,,
cable,4,1,1,,,,,1,1
cabra,3,,1,,,,,1,1
cada,4,,1,,,1,,1,1
cadeira,2,,,,,1,,,1
cadela,2,,,,,1,,,1
cadena,2,,1,,,,,1,
caer,2,,1,,,,,,1
café,4,,1,1,,1,,,1
cage,2,1,,1,,,,,
caixa,2,,,,,1,,,1
calcetín,2,,1,,,,,,1
calcul,2,,,1,,,1,,
calcular,4,,1,,,1,,1,1
calendar,2,1,,,,,1,,
calendario,3,,1,,1,,,,1
calm,2,1,,,,,1,,
calma,4,,1,,1,1,,1,
calor,4,,1,,,1,,1,1
caloria,3,,,,1,1,,1,
calorie,3,1,,1,,,1,,
cama,4,,1,,,1,,1,1
cambiando,2,,1,,,,,,1
cambiar,2,,1,,,,,,1
cambio,2,,1,,1,,,,
caminar,2,,1,,,,,1,
camion,2,,,,1,,1,,
camisa,4,,1,,,1,,1,1
camiseta,2,,,,,1,,,1
camión,2,,1,,,,,,1
camp,4,1,,1,,,1,1,
campana,2,,1,,1,,,,
campeonato,2,,1,,,1,,,
campionat,2,,,,,,1,1,
campionato,2,,,,1,,,,1
campo,4,,1,,1,1,,,1
campus,5,1,,,,1,1,1,1
can,2,1,,,,,,,1
canadense,2,,,,,1,,,1
canadian,2,1,,,,,1,,
canal,4,,1,,,1,1,1,
cancelar,3,,1,,,1,,,1
cancer,3,1,,1,,,1,,
canción,2,,1,,,,,,1
cancro,2,,,,1,,,,1
candidat,3,,,1,,,1,1,
candidato,4,,1,,1,1,,,1
cansado,2,,1,,,1,,,
cantante,3,,1,,1,,,,1
cantar,3,,,,,1,,1,1
caos,4,,1,,1,1,,,1
cap,4,1,,,,,1,1,1
capa,3,,1,,,,,1,1
capable,2,1,,1,,,,,
capacidade,2,,,,,1,,,1
capaz,3,,1,,,1,,,1
capital,6,1,1,,,1,1,1,1
capitalism,2,1,,,,,1,,
capitalisme,2,,,1,,,,1,
capitalismo,4,,1,,1,1,,,1
capitán,2,,1,,,,,,1
captura,2,,1,,,,,1,
capturar,3,,1,,,1,,,1
capítulo,3,,1,,,1,,,1
car,3,1,,1,,,,1,
cara,3,,,,,1,,1,1
caracterizar,3,,1,,,1,,,1
característica,4,,1,,,1,,1,1
carboidrato,2,,,,1,1,,,
carbon,2,1,,,,,1,,
carbone,2,,,1,1,,,,
carbono,2,,,,,1,,,1
carbón,2,,1,,,,,,1
card,2,1,,,,,1,,
care,2,1,,,,,1,,
carga,3,,1,,,1,,,1
caridade,2,,,,,1,,,1
cariño,2,,1,,,,,,1
carne,5,,1,,1,1,1,,1
caro,4,,1,,1,1,,,1
carregar,2,,,,,1,,1,
carreira,2,,,,,1,,,1
carrera,2,,1,,,,,1,
carretera,2,,1,,,,,1,
carril,3,,1,,,,,1,1
carro,5,,1,,1,1,,1,1
cart,2,1,,,,,1,,
carta,5,,1,,1,1,,1,1
carte,2,,,1,,,1,,
carteira,2,,,,,1,,,1
casa,6,,1,,1,1,1,1,1
casado,3,,1,,,1,,,1
casar,3,,1,,,1,,,1
casco,3,,1,,1,,,,1
case,2,1,,,,,,,1
casino,5,1,1,1,,,,1,1
caso,3,,1,,,1,,,1
castelo,2,,,,,1,,,1
castigar,3,,1,,,,,1,1
castigo,2,,1,,,,,,1
casual,6,1,1,,,1,1,1,1
categoria,3,,,,1,1,,1,
categoría,2,,1,,,,,,1
católico,3,,1,,,1,,,1
causa,4,,,,1,1,,1,1
cause,2,1,,1,,,,,
cavar,3,,1,,,,,1,1
cazador,2,,1,,,,,,1
cazar,2,,1,,,,,,1
caçar,2,,,,,1,,1,
cd,4,1,,,1,,,1,1
ce,2,,,1,,,1,,
cebola,2,,,,,1,,,1
cedo,2,,,,,1,,,1
cego,2,,,,,1,,,1
cel,2,,,,,,1,1,
celebrar,3,,1,,,,,1,1
celebrare,2,,,,1,,1,,
celebridade,2,,,,,1,,,1
cella,2,,,,,,,1,1
celoso,2,,1,,,,,,1
cena,3,,1,,1,1,,,
censo,2,,1,,,,,,1
cent,4,1,,1,,,1,1,
centavo,3,,1,,,1,,,1
central,7,1,1,1,,1,1,1,1
centre,2,,,1,,,,1,
centro,3,,1,,1,,,,1
centro comercial,2,,1,,,,,,1
ceo,2,1,,,,,,,1
cerca,4,,1,,,1,,1,1
cercle,2,,,1,,,,1,
cerebro,2,,1,,,,,,1
cerimonia,2,,,,1,,,,1
cero,2,,1,,,,,,1
certain,2,1,,1,,,,,
certamente,3,,,,1,1,,,1
certificado,3,,1,,,1,,,1
certificat,3,,,1,,,1,1,
certo,3,,,,1,1,,,1
cesar,2,,1,,,,,,1
cessar,2,,,,,1,,1,
cesta,2,,1,,,1,,,
chair,2,1,,1,,,,,
chama,2,,,,,1,,,1
champion,2,1,,1,,,,,
chance,3,1,,1,,1,,,
chances,2,,,1,,1,,,
chaqueta,2,,1,,,,,,1
charge,2,1,,1,,,,,
charme,2,,,1,,1,,,
charter,2,1,,,1,,,,
chat,4,1,1,1,,,,,1
chave,2,,,,,1,,,1
chef,4,1,,1,1,,,,1
chegada,2,,,,,1,,,1
chegando,2,,,,,1,,,1
chegar,2,,,,,1,,,1
cheiro,2,,,,,1,,,1
chimie,2,,,1,,,1,,
chip,3,1,1,,,,,,1
chocolate,4,1,1,,,1,,,1
choque,3,,1,,,1,,,1
chorro,2,,1,,,,,,1
chupar,3,,1,,,1,,,1
ciclo,4,,1,,1,1,,,1
cidade,2,,,,,1,,,1
cielo,2,,1,,1,,,,
científico,3,,1,,,1,,,1
cigarette,2,1,,1,,,,,
cigarro,2,,,,,1,,,1
cinco,3,,1,,,1,,,1
cincuenta,2,,1,,,,,,1
cinquanta,2,,,,1,,,1,
cinta,3,,1,,,,,1,1
cinto,2,,,,,1,,,1
circuit,4,1,,1,,,1,1,
circuito,2,,1,,1,,,,
circunstancia,2,,1,,,,,,1
cirurgia,2,,,,,1,,1,
cita,4,,1,,,,1,1,1
citar,4,,1,,,1,,1,1
civic,2,1,,,,,1,,
civil,7,1,1,1,,1,1,1,1
civilización,2,,1,,,,,,1
clar,2,,,,,,1,1,
claramente,3,,1,,,1,,,1
claro,2,,1,,,,,,1
clase,2,,1,,,,,,1
clasificación,2,,1,,,,,,1
clasificar,2,,1,,,,,,1
classe,4,,,1,1,1,,1,
classificar,2,,,,,1,,1,
clause,2,1,,1,,,,,
clic,2,,,,1,,1,,
client,4,1,,1,,,1,1,
cliente,4,,1,,1,1,,,1
clima,5,,1,,1,1,,1,1
climat,2,,,1,,,1,,
clinic,2,1,,,,,1,,
clinica,2,,,,1,,1,,
clip,4,1,,,1,,,1,1
club,7,1,1,1,1,,1,1,1
cluster,2,1,,,,,1,,
clásico,2,,1,,,,,,1
cláusula,3,,1,,,1,,,1
clínica,4,,1,,,1,,1,1
clínico,2,,1,,,1,,,
clúster,2,,,,,,,1,1
coalición,2,,1,,,,,,1
coalition,2,1,,1,,,,,
cobertura,4,,1,,,1,,1,1
code,2,1,,1,,,,,
cognitive,2,1,,,,,1,,
cognitivo,4,,1,,1,1,,,1
coin,2,1,,1,,,,,
colaboración,2,,1,,,,,,1
colapso,3,,1,,,1,,,1
colar,2,,,,,,,1,1
colección,2,,1,,,,,,1
colectivo,2,,1,,,,,,1
colector,2,,,,,,1,,1
colega,3,,1,,,1,,,1
colesterol,4,,1,,,1,,1,1
colgar,2,,1,,,,,,1
collaboration,2,1,,1,,,,,
collar,2,1,1,,,,,,
collection,2,1,,1,,,,,
coller,2,,,1,,,,,1
colo,2,,,,,1,,,1
colocación,2,,1,,,,,,1
colocar,2,,1,,,1,,,
colonel,3,1,,1,,,1,,
colonia,3,,1,,1,,,,1
colonial,7,1,1,1,,1,1,1,1
colonie,2,,,1,,,1,,
color,3,1,1,,,,,1,
columna,3,,1,,,,,1,1
columnista,3,,1,,,,,1,1
com,2,,,,,1,,1,
comandant,2,,,,,,1,1,
comandante,4,,1,,1,1,,,1
comando,2,,,,1,1,,,
combat,3,1,,1,,,,1,
combate,3,,1,,,1,,,1
combinación,2,,1,,,,,,1
combinar,4,,1,,,1,,1,1
combustible,3,,1,,,,,1,1
come,3,1,1,,1,,,,
comedia,2,,1,,,,,,1
comendo,2,,,,,1,,,1
comentar,2,,,,,,,1,1
comentario,2,,1,,,,,,1
comer,2,,,,,1,,,1
comercial,5,,1,,,1,1,1,1
comerciant,2,,,,,,1,1,
comerciante,3,,1,,,1,,,1
comercio,2,,1,,,,,,1
comfort,2,1,,,1,,,,
comic,2,1,,,,,1,,
comida,2,,1,,,,,,1
comisión,2,,1,,,,,,1
comité,2,,1,,,,,,1
commander,2,1,,1,,,,,
comment,2,1,,1,,,,,
commerce,2,1,,1,,,,,
commercial,2,1,,1,,,,,
commission,2,1,,1,,,,,
como,2,,1,,,,,,1
company,2,1,,,,,,1,
comparación,2,,1,,,,,,1
comparar,4,,1,,,1,,1,1
compensación,2,,1,,,,,,1
compensation,2,1,,1,,,,,
competencia,2,,1,,,,,,1
competidor,3,,1,,,,,1,1
competir,4,,1,,,1,,1,1
competitivo,4,,1,,1,1,,,1
complet,2,,,1,,,1,,
completamente,4,,1,,1,1,,,1
completo,4,,1,,1,1,,,1
complex,3,1,,,,,1,1,
complexidade,2,,,,,1,,,1
complexo,2,,,,,1,,,1
complicado,2,,,,,1,,,1
complicat,2,,,,,,1,1,
component,2,1,,,,,,1,
componente,3,,1,,1,1,,,
comportament,2,,,,,,1,1,
comportamental,2,,,,,1,1,,
comportamento,3,,,,1,1,,,1
comportarse,2,,1,,,,,,1
composición,2,,1,,,,,,1
composition,2,1,,1,,,,,
composto,3,,,,1,1,,,1
compra,3,,1,,,,,1,1
comprador,4,,1,,,1,,1,1
comprar,3,,1,,,1,,1,
compras,2,,1,,,,,,1
comprender,2,,1,,,,,,1
comprensión,2,,1,,,,,,1
comprometerse,2,,1,,,,,,1
compromiso,2,,1,,,,,,1
computer,2,1,,,1,,,,
comunicación,2,,1,,,,,,1
comunicar,2,,1,,,1,,,
comunicare,2,,,,1,,1,,
comunidade,2,,,,,1,,,1
comunista,5,,1,,1,1,,1,1
común,2,,1,,,,,,1
con,3,,1,,1,,,,1
conceder,3,,1,,,1,,,1
concentración,2,,1,,,,,,1
concentrado,2,,1,,,1,,,
concentration,2,1,,1,,,,,
concepción,2,,1,,,,,,1
concept,3,1,,1,,,1,,
conception,2,1,,1,,,,,
concepto,2,,1,,,,,,1
concert,4,1,,1,,,1,1,
concerto,2,,,,1,,,,1
conciencia,2,,1,,,,,,1
concluir,2,,1,,,1,,,
conclusion,2,1,,1,,,,,
conclusión,2,,1,,,,,,1
concorrente,2,,,,1,1,,,
concurs,2,,,,,,1,1,
concurso,3,,1,,,1,,,1
condenar,3,,1,,,1,,,1
condición,2,,1,,,,,,1
conducir,2,,1,,,,,,1
conducta,2,,1,,,,,1,
conductor,2,,1,,,,,1,
conductual,2,,1,,,,,,1
conduta,2,,,,,1,,,1
conectar,3,,1,,,1,,,1
conexión,2,,1,,,,,,1
conferencia,2,,1,,,,,,1
confesar,2,,1,,,,,,1
confessar,2,,,,,1,,1,
confianza,2,,1,,,,,,1
confiança,2,,,,,1,,1,
confiar,3,,1,,,,,1,1
confirmar,3,,1,,,,,1,1
conflict,2,1,,,,,1,,
conflito,2,,,,,1,,,1
confort,3,,,1,,,1,,1
confundir,3,,1,,,1,,,1
confusion,2,1,,1,,,,,
congelar,3,,1,,,1,,1,
congresista,2,,1,,,,,,1
congreso,2,,1,,,,,,1
congressional,2,1,,,,1,,,
conjunto,2,,1,,,1,,,
conscience,2,1,,1,,,,,
conscient,2,,,1,,,,1,
consciente,3,,1,,,1,,,1
consecuencia,2,,1,,,,,,1
consecutivo,3,,1,,1,1,,,
consens,2,,,,,,1,1,
consenso,4,,1,,1,1,,,1
consensus,2,1,,1,,,,,
consentimento,2,,,,,1,,,1
conserva,2,,,,1,,1,,
conservación,2,,1,,,,,,1
conservador,4,,1,,,1,,1,1
conservar,2,,1,,,,,,1
conservare,2,,,,1,,1,,
considera,2,,,,,,1,,1
considerable,4,1,1,,,,,1,1
consideración,2,,1,,,,,,1
considerando,3,,1,,1,1,,,
considerar,4,,1,,,1,,1,1
considerare,2,,,,1,,1,,
consistent,3,1,,,,,1,1,
consistente,3,,1,,,1,,,1
consistir,3,,1,,,,,1,1
conspiración,2,,1,,,,,,1
constant,4,1,,1,,,1,1,
constante,3,,1,,,1,,,1
constantemente,3,,1,,,1,,,1
constitucional,4,,1,,,1,,1,1
constitución,2,,1,,,,,,1
constituir,3,,1,,,1,,1,
construction,2,1,,1,,,,,
construir,3,,1,,,1,,1,
consulta,2,,1,,,,1,,
consultant,3,1,,1,,,1,,
consultar,4,,1,,,1,,1,1
consultor,4,,1,,,1,,1,1
consum,2,,,,,,1,1,
consumidor,4,,1,,,1,,1,1
consumir,4,,1,,,1,,1,1
consumo,4,,1,,1,1,,,1
conta,2,,,,,1,,,1
contabilidade,2,,,,,1,,,1
contacto,2,,1,,,,,,1
contar,3,,1,,,1,,,1
conte,2,,,1,,,,1,
contemporáneo,2,,1,,,,,,1
contenir,2,,,1,,,,1,
content,3,1,,1,,,,1,
contento,2,,1,,,,,,1
conter,2,,,,,1,,,1
context,3,1,,,,,1,1,
contexto,3,,1,,,1,,,1
continent,4,1,,1,,,1,1,
continente,4,,1,,1,1,,,1
continua,2,,,,1,,1,,
continuando,3,,,,1,1,,,1
continuar,4,,1,,,1,,1,1
continue,2,1,,1,,,,,
continuo,3,,1,,1,,,,1
conto,3,,,,1,1,,,1
contorno,2,,1,,,1,,,
contra,5,,1,,,1,1,1,1
contrapartida,4,,1,,,1,,1,1
contrast,3,1,,,,,1,1,
contraste,4,,1,1,,1,,,1
contratar,3,,1,,,1,,,1
contratista,2,,1,,,,,,1
contrato,3,,1,,,1,,,1
contribución,2,,1,,,,,,1
contribuir,3,,1,,,1,,1,
contribution,2,1,,1,,,,,
control,4,1,1,,,,,1,1
controversia,2,,1,,1,,,,
controverso,2,,,,1,1,,,
convencer,3,,1,,,1,,,1
convencido,3,,1,,,1,,,1
convencional,4,,1,,,1,,1,1
convención,2,,1,,,,,,1
convention,2,1,,1,,,,,
conversa,2,,,,,1,,1,
conversation,2,1,,1,,,,,
conversion,2,1,,1,,,,,
conversión,2,,1,,,,,,1
converter,2,,,,,1,,,1
convertir,3,,1,1,,,,1,
convicción,2,,1,,,,,,1
conviction,2,1,,1,,,,,
convidar,2,,,,,1,,1,
convincente,3,,1,,,1,,,1
cool,2,1,,1,,,,,
cooperación,2,,1,,,,,,1
cooperar,3,,1,,,,,1,1
cooperare,2,,,,1,,1,,
coordinador,3,,1,,,,,1,1
cop,2,1,,,,,,1,
copie,2,,,1,,,1,,
copyright,3,1,,,,,,1,1
cor,3,,,,,1,,1,1
corazón,2,,1,,,,,,1
corda,4,,,,1,1,,1,1
coreano,4,,1,,1,1,,,1
corn,2,1,,,,,1,,
coroa,2,,,,,1,,,1
corona,2,,1,,,,,1,
coronel,4,,1,,,1,,1,1
corpo,3,,,,1,1,,,1
corporación,2,,1,,,,,,1
corporativo,3,,1,,,1,,,1
corps,2,1,,1,,,,,
corrección,2,,1,,,,,,1
correct,2,1,,1,,,,,
correctamente,2,,1,,,,,,1
correction,2,1,,1,,,,,
correcto,2,,1,,,,,,1
corredor,4,,1,,,1,,1,1
correlación,2,,1,,,,,,1
correo,2,,1,,,,,,1
correr,4,,1,,,1,,1,1
correspondente,2,,,,,1,,,1
corresponsal,2,,1,,,,,1,
corrupción,2,,1,,,,,,1
corrupto,3,,1,,,1,,,1
cort,2,,,,,,1,1,
cortar,3,,1,,,1,,,1
cortesia,3,,,,1,1,,1,
cortesía,2,,1,,,,,,1
cortina,4,,1,,,1,,1,1
cosa,3,,1,,1,,,1,
cost,3,1,,,,,1,1,
costa,4,,1,,1,1,,,1
costo,2,,1,,1,,,,
costum,2,,,,,,1,1,
costume,4,1,,1,1,,,,1
courage,2,1,,1,,,,,
course,2,1,,1,,,,,
court,2,1,,1,,,,,
cova,2,,,,,,,1,1
cowboy,3,1,,,1,,1,,
coxa,2,,,,,1,,,1
crack,2,1,,,,,,1,
cranio,2,,,,1,,,,1
crash,2,1,,1,,,,,
crawl,2,1,,1,,,,,
creación,2,,1,,,,,,1
creador,3,,1,,,,,1,1
crear,3,,1,,,,,1,1
creare,2,,,,1,,1,,
creativo,3,,1,,1,,,,1
creator,2,1,,,,,1,,
credibilidade,2,,,,,1,,,1
credit,2,1,,,,,1,,
crema,4,,1,,1,,,1,1
crente,2,,,,,1,,,1
crescente,2,,,,1,1,,,
cresta,2,,1,,1,,,,
criatura,4,,1,,,1,,1,1
crime,3,1,,,,1,,,1
criminal,4,1,,,,,1,1,1
crise,3,,,1,,1,,,1
crisi,2,,,,1,,,1,
crisis,2,1,1,,,,,,
cristal,5,,1,1,,1,1,,1
cristiano,2,,1,,1,,,,
critic,2,1,,,,,1,,
criticar,4,,1,,,1,,1,1
critique,2,1,,1,,,,,
cru,3,,,1,,1,,,1
crucial,7,1,1,1,,1,1,1,1
crudo,2,,1,,1,,,,
cruel,6,1,1,1,,1,,1,1
crédito,3,,1,,,1,,,1
crítica,4,,1,,,1,,1,1
crítico,3,,1,,,1,,,1
crónica,2,,1,,,,,,1
cu,2,,,,,,1,,1
cuarto,2,,1,,,,,,1
cuestionario,2,,1,,,,,,1
cuir,2,,,1,,,,1,
cul,2,,,1,,,,1,
culo,2,,1,,1,,,,
culpa,4,,1,,,1,,1,1
culpable,3,,1,,,,,1,1
cultura,5,,1,,1,1,,1,1
cultural,5,1,1,,,1,1,1,
culture,2,1,,1,,,,,
cumprir,2,,,,,1,,,1
cura,5,,1,,1,1,,1,1
curar,4,,1,,,1,,1,1
curiosidade,2,,,,,1,,,1
curioso,4,,1,,1,1,,,1
curriculum,3,1,,,1,,1,,
currículo,2,,,,,1,,,1
curs,2,,,,,,1,1,
curso,3,,1,,,1,,,1
curva,4,,1,,1,1,,,1
cuspir,2,,,,,1,,,1
custo,2,,,,,1,,,1
custodia,3,,1,,1,,,,1
cuántico,2,,1,,,,,,1
cycle,2,1,,1,,,,,
cálculo,2,,1,,,,,,1
cámara,2,,1,,,,,,1
célula,2,,,,,1,,,1
círculo,3,,1,,,1,,,1
cívico,3,,1,,,1,,,1
código,3,,1,,,1,,,1
cómic,2,,1,,,,,,1
cómodo,2,,1,,,,,,1
da,2,,,,1,,1,,
dado,3,,1,,,1,,,1
danger,2,1,,1,,,,,
dano,2,,,,,1,,,1
dans,2,,,1,,,1,,
danza,2,,1,,1,,,,
dar,4,,1,,,1,1,,1
dare,2,1,,,1,,,,
data,3,1,,,,,,1,1
date,2,1,,,,,1,,
datos,2,,1,,,,,,1
de,6,,1,1,,1,1,1,1
de pé,2,,,,,1,,,1
deal,2,1,,,,,1,,
dealer,2,1,,,,,1,,
debaixo,2,,,,,1,,,1
debate,4,1,1,,,1,,,1
deber,2,,1,,,,,,1
deberá,2,,1,,,,,,1
debería,2,,1,,,,,,1
debut,5,1,1,,,,1,1,1
decent,3,1,,,,,1,1,
decente,3,,,,1,1,,,1
decepcionado,2,,1,,,,,,1
decepción,2,,1,,,,,,1
decide,2,1,,,,,1,,
decidir,4,,1,,,1,,1,1
decisión,2,,1,,,,,,1
declaración,2,,1,,,,,,1
declarar,4,,1,,,1,,1,1
declive,2,,,,,1,,,1
dedicar,4,,1,,,1,,1,1
dedo,3,,1,,,1,,,1
dedo do pé,2,,,,,1,,,1
defecto,2,,1,,,,,,1
defender,4,1,1,,,1,,,1
defensa,3,,1,,,,,1,1
defensivo,2,,1,,,,,,1
defensor,4,,1,,,1,,1,1
deficit,2,1,,,,,1,,
definición,2,,1,,,,,,1
definir,4,,1,,,1,,1,1
definitivamente,2,,1,,,,,,1
deitar,2,,,,,1,,,1
deixar,2,,,,,,,1,1
dela,2,,,,,1,,,1
deliberadamente,3,,1,,,1,,,1
delicado,3,,1,,,1,,,1
delicat,2,,,,,,1,1,
delicioso,3,,1,,,1,,,1
delincuente,2,,1,,,,,,1
demanda,3,,1,,,,,1,1
demandar,3,,1,,,,,1,1
democracia,3,,1,,,1,,,1
democrat,2,1,,,,,1,,
democratic,2,1,,,,,1,,
democrático,3,,1,,,1,,,1
demográfico,2,,1,,,1,,,
demon,2,1,,,,,1,,
demostración,2,,1,,,,,,1
demostrar,3,,1,,,,,1,1
demócrata,2,,1,,,,,,1
densidade,2,,,,,1,,,1
dent,2,,,1,,,,1,
dente,3,,,,1,1,,,1
dentro,4,,1,,1,1,,,1
departament,2,,,,,,1,1,
departamento,2,,,,,1,,,1
dependendo,2,,,,,1,,,1
dependent,3,1,,,,,1,1,
dependente,2,,,,,1,,,1
depender,3,,1,,,1,,,1
deporte,2,,1,,,,,,1
depredador,3,,1,,,,,1,1
depresión,2,,1,,,,,,1
deputado,2,,,,,1,,,1
depósito,2,,,,,1,,,1
deriva,6,,1,,1,1,1,1,1
derivar,4,,1,,,1,,1,1
derramar,2,,1,,,1,,,
derrota,3,,,,,1,,1,1
desafiante,3,,1,,,1,,,1
desagradable,3,,1,,,,,1,1
desanimar,2,,,,,,,1,1
desaparecer,3,,1,,,1,,,1
desaparecido,2,,1,,,,,,1
desastre,4,,1,,,1,,1,1
descanso,3,,1,,,1,,,1
descargar,2,,1,,,,,,1
descender,2,,1,,,,,,1
descobrir,2,,,,,1,,1,
desconto,2,,,,,1,,,1
describir,2,,1,,,,,,1
descubrir,2,,1,,,,,,1
desemprego,2,,,,,1,,,1
desenvolvedor,2,,,,,1,,,1
desert,3,1,,,,,1,1,
deserto,3,,,,1,1,,,1
desesperadamente,3,,1,,,1,,,1
desesperado,3,,1,,,1,,,1
desfile,2,,1,,,,,,1
design,2,1,,,1,,,,
designer,3,1,,1,,1,,,
deslizar,2,,1,,,1,,,
despecho,2,,1,,,,,,1
despedir,2,,1,,,,,,1
despertar,2,,1,,,,,1,
despesa,2,,,,,1,,1,
desplegar,2,,1,,,,,1,
destacar,2,,1,,,,,,1
destapar,2,,,,,,,1,1
destin,2,,,1,,,1,,
destination,2,1,,1,,,,,
destino,4,,1,,1,1,,,1
destruction,2,1,,1,,,,,
destruir,3,,1,,,1,,1,
detallado,2,,1,,,,,,1
detalle,2,,1,,,,,,1
detectar,4,,1,,,1,,1,1
detective,4,1,1,,1,,,,1
determinación,2,,1,,,,,,1
determinar,4,,1,,,1,,1,1
determinare,2,,,,1,,1,,
detrás,2,,1,,,,,,1
deve,2,,,,1,1,,,
dez,2,,,,,1,,,1
dia,2,,,,,1,,1,
diabetes,4,1,1,,,1,,,1
diable,2,,,1,,,,1,
diagnostic,2,,,1,,,1,,
diagnosticar,4,,1,,,1,,1,1
diagnóstico,3,,1,,,1,,,1
dialogue,2,1,,1,,,,,
diamant,3,,,1,,,1,1,
diamante,4,,1,,1,1,,,1
diapositiva,3,,1,,1,,,,1
diario,3,,1,,1,,,,1
dieta,5,,1,,1,1,,1,1
diferente,3,,1,,,1,,,1
diferentemente,2,,1,,,1,,,
difficile,2,,,1,1,,,,
difícil,4,,1,,,1,,1,1
digital,5,1,1,,,1,1,1,
digne,2,,,1,,,,1,
dignidade,2,,,,,1,,,1
dimension,2,1,,1,,,,,
dimensión,2,,1,,,,,,1
dimitir,2,,,,,,,1,1
dinamica,2,,,,1,,1,,
dinámica,2,,1,,,,,,1
diplomatic,2,1,,,,,1,,
diplomático,3,,1,,,1,,,1
dire,2,,,1,1,,,,
dirección,2,,1,,,,,,1
direct,3,1,,1,,,1,,
directamente,2,,1,,,,,,1
direction,2,1,,1,,,,,
directo,2,,1,,,,,,1
director,5,1,1,,,,1,1,1
dirigir,3,,1,,,1,,1,
disc,2,,,,,,1,1,
disciplina,6,,1,,1,1,1,1,1
disco,4,,1,,1,1,,,1
discrepar,2,,1,,,,,1,
discriminación,2,,1,,,,,,1
discrimination,2,1,,1,,,,,
discurs,2,,,,,,1,1,
discurso,3,,1,,,1,,,1
discusión,2,,1,,,,,,1
discussion,2,1,,1,,,,,
discutir,4,,1,,,1,,1,1
disminuir,2,,1,,,,,1,
disparador,2,,,,,,,1,1
disparar,2,,,,,,,1,1
disponible,3,,1,1,,,,1,
disposición,2,,1,,,,,,1
dispositivo,4,,1,,1,1,,,1
disposto,2,,,,1,1,,,
disputa,5,,1,,,1,1,1,1
distance,2,1,,1,,,,,
distancia,2,,1,,,,,,1
distante,4,,1,,1,1,,,1
distinción,2,,1,,,,,,1
distinct,3,1,,1,,,1,,
distinction,2,1,,1,,,,,
distinguir,3,,1,,,1,,,1
distinto,4,,1,,1,1,,,1
distraer,2,,1,,,,,,1
distribución,2,,1,,,,,,1
distribuidor,2,,1,,,1,,,
distribuir,2,,1,,,1,,,
district,2,1,,,,,1,,
distrito,3,,1,,,1,,,1
diverse,3,1,,1,,,1,,
diversidade,2,,,,,1,,,1
diverso,3,,1,,1,1,,,
divide,2,1,,,,,1,,
dividir,4,,1,,,1,,1,1
divine,2,1,,,1,,,,
divino,2,,,,,1,,,1
division,2,1,,1,,,,,
división,2,,1,,,,,,1
divorce,2,1,,1,,,,,
divorcio,2,,1,,,,,,1
divulgar,2,,1,,,1,,,
diálogo,3,,1,,,1,,,1
do,2,1,,,,,1,,
doador,2,,,,,1,,,1
doar,3,,,,,1,1,,1
doble,2,,1,,,,,1,
dobrar,2,,,,,1,,,1
doc,6,1,,1,,1,1,1,1
doce,3,,1,,,1,,,1
doctor,2,1,,,,,1,,
doctrina,2,,1,,,,,1,
doctrine,2,1,,1,,,,,
document,4,1,,1,,,1,1,
documental,3,,1,,,,,1,1
documento,4,,1,,1,1,,,1
dollar,2,1,,1,,,,,
dolor,2,,1,,,,,1,
doloroso,4,,1,,1,1,,,1
dominant,4,1,,1,,,1,1,
dominante,4,,1,,1,1,,,1
dominar,4,,1,,,1,,1,1
domingo,2,,1,,,,,,1
dominio,3,,1,,1,,,,1
doméstico,2,,,,,1,,,1
donar,2,,1,,,,,1,
donare,2,,,,1,,1,,
dor,2,,,,,1,,,1
dormir,2,,1,,,,,1,
dos,2,,1,,,,,1,
dose,5,1,,1,1,1,,,1
dotado,3,,1,,,1,,,1
double,2,1,,1,,,,,
dourado,2,,,,,1,,,1
doutrina,2,,,,,1,,,1
download,2,1,,,,1,,,
dragon,2,1,,1,,,,,
drama,4,1,1,,,1,,1,
dramatic,2,1,,,,,1,,
dramaticamente,2,,,,,1,,,1
dramático,3,,1,,,1,,,1
droga,5,,1,,1,1,,1,1
drum,2,1,,,,,1,,
ducha,2,,1,,,,,,1
dulce,2,,1,,,,1,,
dur,2,,,1,,,,1,
durante,2,,1,,,,,,1
duro,3,,1,,1,,,,1
débil,2,,1,,,,,,1
década,3,,1,,,1,,,1
déficit,4,,1,1,,1,,,1
día,2,,1,,,,,,1
dólar,3,,1,,,1,,,1
e,3,,,,1,1,,,1
e-mail,4,1,,1,1,,1,,
eco,5,,1,,1,1,,1,1
economia,3,,,,1,1,,1,
economic,2,1,,,,,1,,
economist,2,1,,,,,1,,
economista,5,,1,,1,1,,1,1
economía,2,,1,,,,,,1
económico,2,,1,,,,,,1
ecosistema,4,,1,,1,,,1,1
ecuación,2,,1,,,,,,1
edición,2,,1,,,,,,1
edificio,3,,1,,1,,,,1
editar,4,,1,,,1,,1,1
editor,6,1,1,,,1,1,1,1
educación,2,,1,,,,,,1
educador,4,,1,,,1,,1,1
educar,4,,1,,,1,,1,1
educational,2,1,,,,,1,,
educativo,3,,1,,1,,,,1
educator,2,1,,,,,1,,
efectivamente,2,,1,,,,,,1
efecto,2,,1,,,,,,1
efficace,2,,,1,1,,,,
effort,2,1,,1,,,,,
eficacia,2,,1,,,,,,1
eficaz,3,,1,,,1,,,1
eficiencia,2,,1,,,,,,1
eficient,2,,,,,,1,1,
eficiente,3,,1,,,1,,,1
ego,7,1,1,1,1,1,,1,1
eh,6,1,1,,1,,1,1,1
el,4,,1,,,,1,1,1
ela,2,,,,,1,,,1
elección,2,,1,,,,,,1
electoral,5,1,1,,,,1,1,1
electric,2,1,,,,,1,,
electronic,2,1,,,,,1,,
electrónico,2,,1,,,,,,1
elefant,2,,,,,,1,1,
elefante,4,,1,,1,1,,,1
elegant,3,1,,,,,1,1,
elegante,4,,1,,1,1,,,1
elegible,2,,1,,,,,1,
element,3,1,,,,,1,1,
elemental,3,,1,,,,,1,1
elementar,2,,,,,1,1,,
elemento,4,,1,,1,1,,,1
eles,2,,,,,1,,,1
elevar,2,,1,,,,,,1
eliminación,2,,1,,,,,,1
eliminar,4,,1,,,1,,1,1
eliminatoria,2,,1,,,,,,1
elite,4,1,,,1,1,,,1
ella,2,,1,,,,,1,
eléctrico,2,,1,,,,,,1
embaixada,2,,,,,1,,,1
embaixador,2,,,,,1,,,1
embarazada,2,,1,,,,,,1
embarcación,2,,1,,,,,,1
emenda,2,,,,,1,,,1
emergente,3,,1,,1,1,,,
emisión,2,,1,,,,,,1
emocional,4,,1,,,1,,1,1
emocionalmente,3,,1,,,1,,,1
emocionar,2,,,,,,,1,1
emoción,2,,1,,,,,,1
emperador,3,,1,,,,,1,1
employer,2,1,,1,,,,,
empregar,2,,,,,1,,,1
emprego,2,,,,,1,,,1
emprender,2,,1,,,,,,1
empresa,4,,1,,,1,,1,1
empresario,2,,1,,,,,,1
en,4,1,1,,,,,1,1
en curso,2,,1,,,,,,1
en definitiva,2,,,,,,,1,1
en general,2,,1,,,,,1,
en silencio,2,,1,,,,,,1
encaixar,2,,,,,,,1,1
encantador,3,,1,,,,,1,1
encanto,2,,1,,,,,,1
encher,2,,,,,1,,,1
encontro,2,,,,,1,,,1
energia,3,,,,1,1,,1,
enfatizar,2,,1,,,1,,,
enfermeira,2,,,,,1,,,1
enfermo,2,,1,,,,,,1
engagement,2,1,,1,,,,,
enorme,5,,1,,1,1,,1,1
ensaio,2,,,,,1,,,1
ensalada,2,,1,,,,,,1
entender,2,,,,,1,,,1
enterrar,4,,1,,,1,,1,1
entidade,2,,,,,1,,,1
entrada,4,,1,,,1,,1,1
entrar,4,,1,,,1,,1,1
entre,4,,1,,,1,,1,1
entrega,2,,1,,,,,,1
entregar,3,,1,,,1,,,1
entrenador,2,,1,,,,,1,
entrepreneur,2,1,,1,,,,,
entrevista,4,,1,,,1,,1,1
entusiasmo,4,,1,,1,1,,,1
envase,2,,1,,,,,,1
envelope,2,1,,,,1,,,
enviar,4,,1,,,1,,1,1
envolver,2,,,,,1,,,1
episodio,3,,1,,1,,,,1
equilibrio,2,,1,,,,,,1
equip,2,1,,,,,,1,
equipamento,2,,,,,1,,,1
equipar,4,,1,,,1,,1,1
equipo,2,,1,,,,,,1
equivalent,2,1,,,,,,1,
equivalente,4,,1,,1,1,,,1
era,6,1,1,,1,1,,1,1
erro,2,,,,,1,,,1
error,3,1,1,,,,,1,
escala,3,,1,,,,,1,1
escalar,2,,,,,1,,1,
escanear,2,,1,,,,,,1
escapar,3,,1,,,,,1,1
escena,3,,1,,,,,1,1
escenario,2,,1,,,,,,1
esclavitud,2,,1,,,,,1,
escola,3,,,,,1,,1,1
escorregar,2,,,,,1,,,1
escravo,2,,,,,1,,,1
escribir,2,,1,,,,,,1
escrito,3,,1,,,1,,,1
escritor,3,,1,,,1,,,1
escritorio,2,,1,,,,,,1
escritura,2,,,,,1,,,1
escudo,2,,,,,1,,,1
esculpir,3,,1,,,1,,,1
escultura,4,,1,,,1,,1,1
escándalo,2,,1,,,,,,1
esencia,2,,1,,,,,,1
esencial,2,,1,,,,,,1
esencialmente,2,,1,,,,,,1
esfera,4,,1,,,1,,1,1
esforzarse,2,,1,,,,,,1
espada,3,,1,,,1,,,1
español,2,,1,,,,,,1
especial,4,,1,,,1,,1,1
especialista,4,,1,,,1,,1,1
especializarse,2,,1,,,,,,1
especialmente,3,,1,,,1,,,1
especies,2,,1,,,,,,1
especificar,3,,1,,,,,1,1
espectacular,3,,1,,,,,1,1
espectador,3,,1,,,,,1,1
espectro,3,,1,,,1,,,1
especulación,2,,1,,,,,,1
específico,3,,1,,,1,,,1
esperado,2,,,,,1,,,1
esperanza,2,,1,,,,,,1
esperar,4,,1,,,1,,1,1
esperto,3,,,,1,1,,,1
espiritual,4,,1,,,1,,1,1
esposa,3,,1,,,1,,,1
esposo,2,,1,,,1,,,
espírito,2,,,,,1,,,1
esquema,4,,1,,,1,,1,1
esquina,2,,1,,,,,,1
esquí,3,,1,,,,,1,1
essence,2,1,,1,,,,,
essencial,2,,,,,1,,1,
est,3,,,1,1,,,1,
esta noite,2,,,,,1,,,1
estabilidade,2,,,,,1,,,1
estable,3,,1,,,,,1,1
establecer,2,,1,,,,,,1
estaca,3,,,,,1,,1,1
estación,2,,1,,,,,,1
estadio,2,,1,,,,,,1
estado,2,,1,,,,,,1
estante,2,,1,,,1,,,
estar,2,,1,,,,,,1
estate,2,1,,,1,,,,
estatua,2,,1,,,,,,1
estatuto,3,,1,,,1,,,1
estatístico,2,,,,,1,,,1
este,2,,1,,,,1,,
estendido,2,,,,,1,,,1
estilo,3,,1,,,1,,,1
estilo de vida,3,,1,,,1,,,1
estimado,3,,1,,,1,,,1
estimat,2,,,,,,1,1,
estirar,2,,,,,,,1,1
estrada,2,,,,,1,,,1
estratégico,2,,1,,,1,,,
estreito,2,,,,,1,,,1
estrella,2,,1,,,,,1,
estrictamente,2,,1,,,,,,1
estrondo,2,,,,,1,,,1
estructura,2,,1,,,,,1,
estructural,2,,1,,,,,1,
estrutura,2,,,,,1,,,1
estrutural,2,,,,,1,,,1
estrés,2,,1,,,,,,1
estudar,2,,,,,1,,,1
estudio,2,,1,,,,,,1
estándar,2,,1,,,,,,1
estímulo,3,,1,,,1,,,1
estómago,2,,1,,,,,,1
estúpido,3,,1,,,1,,,1
et,8,1,1,1,1,1,1,1,1
etapa,2,,,,,,,1,1
etc,7,1,1,1,,1,1,1,1
etern,2,,,,,,1,1,
eterno,4,,1,,1,1,,,1
etiqueta,4,,1,,,1,,1,1
eu,2,,,,,1,,,1
european,2,1,,,,,1,,
europeo,3,,1,,1,,,,1
evento,4,,1,,1,1,,,1
evident,3,1,,,,,1,1,
evidente,4,,1,,1,1,,,1
evita,2,,,,,1,1,,
evitar,4,,1,,,1,,1,1
evolucionar,3,,1,,,,,1,1
evolución,2,,1,,,,,,1
exact,3,1,,1,,,1,,
exactamente,2,,1,,,,,,1
exacte,2,,,,,,1,1,
exacto,2,,1,,,,,,1
exame,2,,,,,1,,,1
examen,4,,1,1,,,1,1,
examinar,4,,1,,,1,,1,1
exceder,2,,1,,,,,,1
excelente,3,,1,,,1,,,1
excellent,2,1,,1,,,,,
excepcional,2,,,,,1,,1,
excepción,2,,1,,,,,,1
exception,2,1,,1,,,,,
excepto,2,,1,,,,,,1
excesivo,2,,1,,,,,,1
excitar,2,,1,,,1,,,
exclude,2,1,,,,,1,,
excluir,2,,1,,,1,,,
exclusivamente,3,,1,,,1,,,1
exclusivo,3,,1,,,1,,,1
excusa,2,,1,,,,,1,
excuse,2,1,,1,,,,,
executar,3,,,,,1,,1,1
executivo,2,,,,,1,,,1
exemple,2,,,1,,,,1,
exemplo,2,,,,,1,,,1
exigir,2,,1,,,1,,,
existence,2,1,,1,,,,,
existencia,2,,1,,,,,,1
existente,2,,1,,,,,,1
existir,3,,,,,1,,1,1
exitoso,2,,1,,,,,,1
expandir,4,,1,,,1,,1,1
expansion,2,1,,1,,,,,
expansión,2,,1,,,,,,1
expectativa,4,,1,,,1,,1,1
experiencia,2,,1,,,,,,1
experiment,3,1,,,,,1,1,
experimentado,2,,1,,,,,,1
experimental,6,1,1,,,1,1,1,1
experimentar,2,,1,,,1,,,
expert,4,1,,1,,,1,1,
experto,2,,1,,,,,,1
explicación,2,,1,,,,,,1
explicar,2,,,,,,,1,1
explicit,2,1,,,,,1,,
explique,2,,1,,,1,,,
exploit,2,1,,1,,,,,
exploración,2,,1,,,,,,1
explorador,2,,,,,,,1,1
explorar,4,,1,,,1,,1,1
exploration,2,1,,1,,,,,
explosion,2,1,,1,,,,,
explosión,2,,1,,,,,,1
explotar,3,,1,,,,,1,1
explícitamente,2,,1,,,,,,1
explícito,3,,1,,,1,,,1
export,2,1,,,,,1,,
exportar,4,,1,,,1,,1,1
exposición,2,,1,,,,,,1
expresión,2,,1,,,,,,1
expressar,2,,,,,1,,1,
expression,2,1,,1,,,,,
extensa,2,,,,,,,1,1
extension,2,1,,1,,,,,
extensión,2,,1,,,,,,1
extenso,2,,1,,,1,,,
exterior,5,,1,,,1,1,1,1
extern,2,,,,,,1,1,
externo,3,,1,,,1,,,1
extra,6,1,1,,1,1,,1,1
extraordinario,2,,1,,,,,,1
extraterrestre,2,,1,1,,,,,
extrem,2,,,,,,1,1,
extremadamente,2,,1,,,,,,1
extremo,2,,1,,,1,,,
fa,2,,,,1,,,1,
fabricación,2,,1,,,,,,1
fabricant,2,,,1,,,,1,
fabricante,3,,1,,,1,,,1
face,2,1,,,,,1,,
facile,2,,,1,1,,,,
facilidade,2,,,,,1,,,1
facilitar,4,,1,,,1,,1,1
facilitate,2,1,,,,,1,,
facilmente,3,,,,1,1,,,1
factor,5,1,1,,,,1,1,1
factura,3,,1,,,,,1,1
falar,2,,,,,1,,,1
fallar,2,,1,,,,,,1
fals,2,,,,,,1,1,
falso,4,,1,,1,1,,,1
falta,2,,,,,1,,,1
fama,5,,1,,1,1,,1,1
fame,3,1,,,1,,,,1
familia,2,,1,,,,,,1
familiar,6,1,1,,,1,1,1,1
famoso,4,,1,,1,1,,,1
família,2,,,,,1,,1,
fan,2,1,,,1,,,,
fantasia,3,,,,1,1,,1,
fantasma,4,,1,,1,1,,1,
fantastic,2,1,,,,,1,,
fantasía,2,,1,,,,,,1
fantástico,3,,1,,,1,,,1
fascinant,3,,,1,,,1,1,
fascinante,3,,1,,,1,,,1
fase,4,,1,,1,,,1,1
favor,4,1,1,,,,,1,1
favorito,3,,1,,,1,,,1
fe,3,,1,,,,,1,1
febre,3,,,,,1,,1,1
federal,5,1,1,,,,1,1,1
feixe,2,,,,,1,,,1
felicidade,2,,,,,1,,,1
feliz,3,,1,,,1,,,1
felizmente,2,,1,,,,,,1
fenomen,2,,,,,,1,1,
fenómeno,2,,1,,,,,,1
feo,2,,1,,,,,,1
ferida,3,,,,,1,,1,1
ferido,2,,,,,1,,,1
ferir,3,,,,,1,,1,1
ferramenta,2,,,,,1,,,1
ferro,4,,,,1,1,,1,1
ferrocarril,3,,1,,,,,1,1
ferver,2,,,,,1,,,1
festa,3,,,,1,,,1,1
festival,5,1,1,,,1,1,,1
fiable,3,,,1,,,,1,1
fibra,5,,1,,1,1,,1,1
ficción,2,,1,,,,,,1
fiction,2,1,,1,,,,,
fiel,3,,1,,,1,,,1
fier,2,,,1,,,1,,
figura,6,,1,,1,1,1,1,1
fil,2,,,1,,,,1,
fila,3,,,,,,1,1,1
file,2,1,,,1,,,,
fill,2,1,,,,,,1,
filla,2,,,,,,,1,1
film,4,1,,1,1,,1,,
filosofia,3,,,,1,1,,1,
filosofía,2,,1,,,,,,1
filosófico,3,,1,,,1,,,1
filtre,2,,,1,,,,1,
filtro,3,,,,1,1,,,1
fin,3,,1,1,,,,,1
fin de semana,2,,1,,,,,,1
final,7,1,1,1,,1,1,1,1
finalmente,4,,1,,1,1,,,1
financiamento,2,,,,,1,,,1
fine,2,1,,,1,,,,
finestra,2,,,,1,,,1,
fingir,3,,1,,,1,,1,
firma,2,,1,,1,,,,
firme,2,,1,,,,,,1
firmemente,3,,1,,,1,,,1
fiscal,7,1,1,1,,1,1,1,1
fisicamente,3,,,,1,1,,,1
fitness,5,1,,,1,1,1,,1
fix,2,1,,,,,1,,
fixo,2,,,,,1,,,1
flash,3,1,,,,,1,,1
flecha,2,,1,,,1,,,
flexibilidade,2,,,,,1,,,1
flexible,4,1,1,,,,,1,1
flip,2,1,,,,,1,,
flor,3,,1,,,,,1,1
flota,4,,1,,,,1,1,1
flotar,2,,,,,,,1,1
fluid,3,1,,,,,1,1,
fluido,2,,,,1,1,,,
fluir,2,,1,,,,,1,
fluxo,2,,,,,1,,,1
foc,2,,,,,,1,1,
foca,2,,1,,,1,,,
foco,2,,,,,1,,,1
focus,2,1,,,,,,1,
foguete,2,,,,,1,,,1
folk,3,1,,,,1,,,1
folla,2,,,,1,,,,1
fomentar,2,,1,,,1,,,
fondo,2,,1,,,,,,1
fonte,3,,,,1,1,,,1
fora,2,,,,,1,,1,
force,2,1,,1,,,,,
forma,5,,1,,1,1,,1,1
formación,2,,1,,,,,,1
formal,5,1,1,,,1,1,1,
format,4,1,,1,,,1,1,
formation,2,1,,1,,,,,
formato,4,,1,,1,1,,,1
former,2,1,,1,,,,,
formula,2,1,,,1,,,,
forno,3,,,,1,1,,,1
foro,2,,1,,,,,,1
fort,2,,,1,,,,1,
fortalecer,3,,1,,,1,,,1
forte,3,,,,1,1,,,1
fortemente,3,,,,1,1,,,1
fortuna,5,,1,,1,1,,1,1
fortune,2,1,,1,,,,,
forum,3,1,,1,,,1,,
forza,2,,,,1,,,,1
força,2,,,,,1,,1,
fossa,2,,,,1,,,1,
fossile,2,,,1,1,,,,
foto,4,,,,1,1,,1,1
fotografia,3,,,,1,1,,1,
fotografía,2,,1,,,,,,1
fotógrafo,3,,1,,,1,,,1
four,2,1,,1,,,,,
fracaso,2,,1,,,,,,1
fracción,2,,1,,,,,,1
fraco,2,,,,,1,,,1
fraction,2,1,,1,,,,,
francamente,4,,1,,1,1,,,1
francés,2,,1,,,,,,1
frase,5,,1,,1,1,,1,1
fraude,4,,1,1,,1,,,1
frecuencia,2,,1,,,,,,1
frecuente,2,,1,,,,,,1
frecuentemente,2,,1,,,,,,1
fregar,2,,,,,,,1,1
frente,2,,1,,,1,,,
frequentemente,2,,,,1,1,,,
fresco,3,,,,1,1,,,1
front,3,1,,1,,,,1,
fronte,2,,,,1,,,,1
fronteira,2,,,,,1,,,1
frontera,2,,1,,,,,1,
fruit,2,1,,1,,,,,
frustración,2,,1,,,,,,1
frustration,2,1,,1,,,,,
frío,2,,1,,,,,,1
fuga,4,,1,,1,1,,,1
fugir,2,,,,,1,,1,
full,2,1,,,,,,1,
fum,2,,,,,,1,1,
funcional,4,,1,,,1,,1,1
funcionar,2,,1,,,,,1,
función,2,,1,,,,,,1
fund,2,1,,,,,1,,
fundador,4,,1,,,1,,1,1
fundamental,5,1,1,,,1,1,,1
fundir,2,,1,,,,,,1
funeral,5,1,1,,,1,,1,1
furgoneta,2,,,,,,,1,1
fusta,2,,,,,,1,1,
futur,2,,,1,,,,1,
futuro,4,,1,,1,1,,,1
fábrica,3,,1,,,1,,,1
fácil,3,,1,,,1,,,1
fígado,2,,,,,1,,,1
física,4,,1,,,1,,1,1
físico,3,,1,,,1,,,1
fórmula,3,,1,,,,,1,1
fósil,2,,1,,,,,,1
fútbol,2,,1,,,,,,1
gabinete,3,,1,,,1,,,1
gai,2,,,,,,,1,1
galaxia,2,,1,,,,,,1
galaxie,2,,,1,,,1,,
galeria,2,,,,,1,,1,
galería,2,,1,,,,,,1
gallon,2,1,,1,,,,,
galón,2,,1,,,,,,1
ganancias,2,,1,,,,,,1
gancho,3,,1,,,1,,,1
gang,2,1,,1,,,,,
garage,2,1,,1,,,,,
garantia,2,,,,,1,,1,
garantir,3,,,1,,1,,,1
garfo,2,,,,,1,,,1
garganta,2,,1,,,1,,,
gas,5,1,1,,1,,,1,1
gasolina,3,,1,,,,,1,1
gastar,3,,1,,,1,,,1
gasto,2,,1,,,,,,1
gato,3,,1,,,1,,,1
gay,5,1,1,,1,1,1,,
gaz,2,,,1,,,1,,
gazon,2,,,1,,,1,,
gen,2,,,,,,1,1,
gene,4,1,1,,1,1,,,
general,4,1,1,,,,1,1,
generar,2,,1,,,,,1,
generoso,3,,1,,1,1,,,
genetic,2,1,,,,,1,,
genio,2,,1,,1,,,,
genre,2,1,,1,,,,,
gente,2,,1,,1,,,,
genético,2,,1,,,1,,,
gest,2,,,,,,1,1,
gestionar,2,,1,,,,,1,
gesto,3,,1,,1,1,,,
gigante,3,,1,,1,1,,,
girar,2,,1,,,,,1,
giro,2,,1,,1,,,,
global,7,1,1,1,,1,1,1,1
globe,2,1,,1,,,,,
globo,4,,1,,1,1,,,1
gloria,3,,1,,1,,,,1
gobernador,2,,1,,,,,,1
gola,2,,,,1,,,1,
golf,6,1,1,,1,,1,1,1
golfe,2,,,1,,1,,,
golfo,3,,,,1,1,,,1
golpe,3,,1,,,1,,,1
gop,7,1,1,1,1,,1,1,1
gospel,2,1,,1,,,,,
govern,2,1,,,,,,1,
governador,2,,,,,1,,1,
governo,2,,,,1,1,,,
grado,2,,1,,1,,,,
graduación,2,,1,,,,,,1
gradualmente,3,,1,,1,1,,,
grafico,2,,1,,1,,,,
grain,2,1,,1,,,,,
gram,3,1,,,,,1,1,
gramo,2,,1,,,,,,1
grand,2,1,,1,,,,,
grande,5,,1,1,1,1,,,1
granja,2,,1,,,,,1,
grano,2,,1,,1,,,,
grato,2,,,,1,1,,,
gratuit,2,,,1,,,1,,
grau,2,,,,,1,,1,
grave,4,1,1,,1,,,,1
gravidade,2,,,,,1,,,1
grec,2,,,1,,,,1,
grego,2,,,,,1,,,1
greu,2,,,,,,1,1,
gris,3,,1,,,,,1,1
gritar,2,,1,,,1,,,
gros,2,,,1,,,1,,
grup,2,,,,,,1,1,
grupo,3,,1,,,1,,,1
gráfico,3,,1,,,1,,,1
guapo,2,,1,,,,,1,
guarda,2,,,,1,1,,,
guerra,5,,1,,1,1,,1,1
guia,2,,,,,1,,1,
guitarra,3,,1,,,,,1,1
guión,2,,1,,,,,,1
gust,2,,,,,,1,1,
gusto,2,,,,1,,,,1
guía,2,,1,,,,,,1
ha,4,1,,,,1,,1,1
habilidade,2,,,,,1,,,1
habilitar,3,,,,,1,,1,1
habitat,7,1,1,1,1,1,1,1,
habitual,2,,,,,,,1,1
haine,2,,,1,,,1,,
hall,2,1,,1,,,,,
halloween,2,1,,,,,,,1
hamburguesa,3,,1,,,,,1,1
hardware,6,1,1,,1,1,1,,1
helicóptero,3,,1,,,1,,,1
herba,2,,,,,,,1,1
herdar,2,,,,,1,,,1
hipoteca,4,,1,,,1,,1,1
hipótese,2,,,,,1,,,1
hispanic,2,1,,,,,1,,
historia,2,,1,,,,,,1
historiador,4,,1,,,1,,1,1
historicamente,2,,,,,1,,,1
histórico,3,,1,,,1,,,1
hmm,4,1,,,,,1,1,1
hockey,3,1,1,,1,,,,
holandés,2,,1,,,,,,1
home,3,1,,,,,,1,1
honest,2,1,,,,,,1,
honestamente,2,,1,,,1,,,
honesto,3,,1,,,1,,,1
honor,3,1,1,,,,,1,
honra,2,,,,,1,,,1
hora,3,,1,,,1,,,1
horas,2,,,,,1,,,1
horizon,2,1,,1,,,,,
horizonte,3,,1,,,1,,,1
hormona,3,,1,,,,,1,1
hormone,2,1,,1,,,,,
horrible,5,1,1,1,,,,1,1
horror,4,1,1,,,,,1,1
hospital,5,1,1,,,1,,1,1
hostil,3,,1,,,1,,1,
hostile,2,1,,1,,,,,
hotel,6,1,1,,,1,1,1,1
huh,2,1,,,,,1,,
humanidade,2,,,,,1,,,1
humano,3,,1,,,1,,,1
humor,5,1,1,,,1,,1,1
hábito,3,,1,,,1,,,1
i,4,1,,,,,1,1,1
icona,2,,,,1,,,1,
idea,4,1,,,1,,,1,1
ideal,6,1,1,,,1,1,1,1
identidade,2,,,,,1,,,1
identificación,2,,1,,,,,,1
identificar,4,,1,,,1,,1,1
identification,2,1,,1,,,,,
ideologia,3,,,,1,1,,1,
ideológico,2,,1,,,1,,,
idiot,3,1,,1,,,1,,
idiota,5,,1,,1,1,,1,1
ieri,2,,,,1,,1,,
ignorance,2,1,,1,,,,,
ignorancia,2,,1,,,,,,1
ignorant,4,1,,1,,,1,1,
ignorante,4,,1,,1,1,,,1
ignorar,4,,1,,,1,,1,1
igual,3,,1,,,1,,1,
igualdade,2,,,,,1,,,1
igualmente,3,,1,,,1,,,1
il,2,,,1,1,,,,
ilegal,4,,1,,,1,1,,1
illa,2,,,,,,,1,1
illusion,2,1,,1,,,,,
illustration,2,1,,1,,,,,
ilustración,2,,1,,,,,,1
ilustrar,3,,1,,,1,,,1
image,2,1,,1,,,,,
imagina,2,,1,,,,1,,
imagination,2,1,,1,,,,,
imagine,2,1,,,,,1,,
immigrant,3,1,,1,,,,1,
immigration,2,1,,1,,,,,
immune,3,1,,,1,,,1,
impact,2,1,,,,,1,,
impacto,3,,1,,,1,,,1
imperio,2,,1,,,,,,1
implementación,2,,1,,,,,,1
implementar,3,,1,,,,,1,1
implica,2,,,,,1,1,,
implicación,2,,1,,,,,,1
implicar,3,,1,,,,,1,1
implicare,2,,,,1,,1,,
implication,2,1,,1,,,,,
import,2,1,,,,,1,,
importance,2,1,,1,,,,,
importancia,2,,1,,,,,,1
important,4,1,,1,,,1,1,
importante,4,,1,,1,1,,,1
importar,4,,1,,,1,,1,1
imposible,2,,1,,,,,,1
impossible,3,1,,1,,,,1,
impresionante,2,,1,,,,,,1
impresionar,2,,1,,,,,,1
impresión,2,,1,,,,,,1
impression,2,1,,1,,,,,
impressionar,2,,,,,1,,1,
imprimir,3,,,,,1,,1,1
improbable,2,,1,,,,,,1
impuls,2,,,,,,1,1,
impulso,3,,1,,,1,,,1
in,2,1,,,1,,,,
incapaz,3,,1,,,1,,,1
incentivo,4,,1,,1,1,,,1
incerteza,2,,,,,1,,,1
inch,2,1,,,,,1,,
incident,4,1,,1,,,1,1,
incidente,4,,1,,1,1,,,1
include,2,1,,,,,1,,
incluir,2,,1,,,1,,,
incorporar,4,,1,,,1,,1,1
incómodo,2,,1,,,,,,1
independencia,2,,1,,,,,,1
independent,3,1,,,,,1,1,
independente,2,,,,,1,,,1
independentemente,2,,,,,1,,,1
index,2,1,,,,,1,,
indian,2,1,,,,,1,,
indiano,2,,,,1,1,,,
indicación,2,,1,,,,,,1
indicador,4,,1,,,1,,1,1
indicar,4,,1,,,1,,1,1
indication,2,1,,1,,,,,
indicator,2,1,,,,,1,,
indice,2,,,1,1,,,,
indio,2,,1,,,,,,1
individual,5,1,1,,,,1,1,1
induce,2,1,,,,,1,,
inducir,2,,1,,,,,,1
industria,3,,1,,1,,,,1
industrial,6,1,1,,,1,1,1,1
industrie,2,,,1,,,1,,
indígena,3,,1,,,1,,1,
indústria,2,,,,,1,,1,
inesperado,3,,1,,,1,,,1
inevitable,4,1,1,,,,,1,1
infancia,2,,1,,,,,,1
infant,2,1,,,,,,1,
infantil,3,,1,,,1,,,1
infección,2,,1,,,,,,1
infection,2,1,,1,,,,,
inferior,3,,,,,,1,1,1
inferno,3,,,,1,1,,,1
inflación,2,,1,,,,,,1
inflation,2,1,,1,,,,,
influence,2,1,,1,,,,,
influencia,2,,1,,,,,,1
influent,2,,,1,,,1,,
influente,3,,,,1,1,,,1
info,3,1,1,,,,1,,
información,2,,1,,,,,,1
informar,4,,1,,,1,,1,1
information,2,1,,1,,,,,
informe,2,,,,,,,1,1
informes,2,,,,,,,1,1
infraestructura,2,,1,,,,,1,
inglés,2,,1,,,,,,1
ingredient,3,1,,,,,1,1,
ingrediente,4,,1,,1,1,,,1
ingresos,2,,1,,,,,,1
inicial,4,,1,,,1,,1,1
inicialmente,3,,1,,,1,,,1
iniciar,2,,,,,1,,1,
iniciativa,4,,1,,,1,,1,1
inimigo,2,,,,,1,,,1
initiative,2,1,,1,,,,,
injusto,2,,1,,,1,,,
inmediatamente,2,,1,,,,,,1
inmigración,2,,1,,,,,,1
inmigrante,2,,1,,,,,,1
inmune,2,,1,,,,,,1
innocent,3,1,,1,,,,1,
innovación,2,,1,,,,,,1
innovador,3,,1,,,,,1,1
innovation,2,1,,1,,,,,
inocente,3,,1,,,1,,,1
inquietante,2,,,,1,,,,1
inscribirse,2,,1,,,,,,1
insecte,2,,,1,,,,1,
insecto,2,,1,,,,,,1
inserir,3,,,,,1,,1,1
insistir,3,,1,,,1,,,1
inspección,2,,1,,,,,,1
inspection,2,1,,1,,,,,
inspector,5,1,1,,,,1,1,1
inspiración,2,,1,,,,,,1
inspirar,4,,1,,,1,,1,1
inspiration,2,1,,1,,,,,
instalación,2,,1,,,,,,1
instalar,2,,,,,1,,,1
installation,2,1,,1,,,,,
instant,4,1,,1,,,1,1,
instante,2,,1,,,1,,,
instinct,3,1,,1,,,1,,
instinto,3,,1,,,1,,,1
institucional,4,,1,,,1,,1,1
institución,2,,1,,,,,,1
institut,2,,,1,,,1,,
institution,2,1,,1,,,,,
instituto,3,,1,,,1,,,1
instruction,2,1,,1,,,,,
instructor,4,1,1,,,,1,1,
instruir,3,,1,,,1,,1,
instrument,4,1,,1,,,1,1,
instrumento,3,,1,,,1,,,1
instrutivo,2,,,,,1,,,1
instrutor,2,,,,,1,,,1
integración,2,,1,,,,,,1
integral,2,,,,,,,1,1
integrar,4,,1,,,1,,1,1
integrare,2,,,,1,,1,,
integridade,2,,,,,1,,,1
intelectual,4,,1,,,1,1,,1
inteligente,2,,1,,,1,,,
intelligence,2,1,,1,,,,,
intelligent,2,1,,1,,,,,
intelligente,2,,,1,1,,,,
intención,2,,1,,,,,,1
intens,2,,,,,,1,1,
intense,2,1,,1,,,,,
intensidade,2,,,,,1,,,1
intenso,4,,1,,1,1,,,1
intent,2,1,,,,,,1,
intention,2,1,,1,,,,,
intento,3,,1,,1,,,,1
interaction,2,1,,1,,,,,
interactuar,3,,1,,,,,1,1
interagir,2,,,1,,1,,,
intercambio,2,,1,,,,,,1
interesado,2,,1,,,,,,1
interesante,2,,1,,,,,,1
interessante,2,,,,1,1,,,
interesse,2,,,,1,1,,,
interface,4,1,,1,,1,,,1
interferir,4,,1,,,1,,1,1
interior,6,1,1,,,1,1,1,1
intern,2,,,,,,1,1,
internacional,4,,1,,,1,,1,1
international,2,1,,1,,,,,
internet,4,1,,,,1,,1,1
interno,4,,1,,1,1,,,1
interpret,2,1,,,,,1,,
interpretación,2,,1,,,,,,1
interpretar,4,,1,,,1,,1,1
interpretare,2,,,,1,,1,,
interromper,2,,,,,1,,,1
interrompre,2,,,1,,,,1,
interval,3,1,,,,,1,1,
intervalo,3,,1,,,1,,,1
intervención,2,,1,,,,,,1
intervention,2,1,,1,,,,,
intestin,2,,,1,,,1,,
intestino,3,,1,,1,1,,,
introduce,2,1,,,,,1,,
introduction,2,1,,1,,,,,
inundación,2,,1,,,,,,1
inutile,2,,,1,1,,,,
invadir,3,,1,,,1,,,1
invasion,2,1,,1,,,,,
invasión,2,,1,,,,,,1
inventar,5,,1,,,1,1,1,1
inventario,3,,1,,1,,,,1
invention,2,1,,1,,,,,
inverno,3,,,,1,1,,,1
inversor,2,,1,,,,,1,
invertir,2,,1,,,,,1,
investidor,2,,,,,1,,,1
investigación,2,,1,,,,,,1
investigador,4,,1,,,1,,1,1
investigar,4,,1,,,1,,1,1
investimento,3,,,,1,1,,,1
investir,3,,,1,,1,,,1
invisible,5,1,1,1,,,,1,1
invitación,2,,1,,,,,,1
invitation,2,1,,1,,,,,
inútil,3,,1,,,,,1,1
ipad,8,1,1,1,1,1,1,1,1
iphone,5,1,1,1,,,,1,1
iranian,2,1,,,,,1,,
iraniano,3,,,,1,1,,,1
iraquí,2,,1,,,,,,1
irlandesa,3,,1,,,,,1,1
ironia,3,,,,1,1,,1,
ironie,2,,,1,,,1,,
ironía,2,,1,,,,,,1
islam,5,1,1,,,,1,1,1
islámico,2,,1,,,,,,1
isolamento,2,,,,1,1,,,
israelí,2,,1,,,,,,1
isto,2,,,,,1,,,1
it,2,1,,,1,,,,
italiano,4,,1,,1,1,,,1
item,2,1,,,,1,,,
jazz,7,1,1,,1,1,1,1,1
jeans,4,1,,1,1,1,,,
jet,3,1,,1,,,,1,
joc,2,,,,,,1,1,
journal,2,1,,1,,,,,
judicial,4,1,1,,,1,,1,
jugador,2,,1,,,,,1,
jungle,2,1,,1,,,,,
junior,4,1,,1,1,,,,1
juntos,2,,1,,,1,,,
jurado,2,,1,,,1,,,
jurar,2,,1,,,,,1,
jurat,2,,,,,,1,1,
jury,2,1,,1,,,,,
justificar,3,,1,,,1,,1,
júnior,3,,1,,,1,,1,
kit,5,1,,,1,1,,1,1
la,2,,,1,,,1,,
labor,2,1,1,,,,,,
laboral,2,,1,,,,,,1
laboratorio,3,,1,,1,,,,1
lado,3,,1,,,1,,,1
ladrillo,2,,1,,,,,,1
lago,3,,1,,1,,,,1
lamentable,2,,,,,,,1,1
lanzador,2,,1,,,,,,1
laptop,2,1,,,,,1,,
large,2,1,,1,,,,,
largo,2,,1,,1,,,,
laser,5,1,,1,1,1,1,,
latin,2,1,,,,,1,,
latín,2,,1,,,,,,1
lavabo,2,,1,,,,,1,
lavanderia,2,,,,1,1,,,
lavar,2,,1,,,,,,1
leader,2,1,,1,,,,,
leal,2,,1,,,,,,1
lealdade,2,,,,,1,,,1
lección,2,,1,,,,,,1
lector,3,,1,,,,,1,1
lectura,3,,,,,,1,1,1
lega,2,,,,1,,1,,
legado,3,,1,,,1,,,1
legal,6,1,1,,,1,1,1,1
legale,2,,,,1,,1,,
legalmente,4,,1,,1,1,,,1
legislador,2,,,,,1,,1,
legislativo,3,,1,,1,1,,,
legislatura,4,,1,,1,1,,1,
legítimo,2,,1,,,1,,,
lei,3,,,,1,1,,,1
leite,2,,,,,1,,,1
lembrar,2,,,,,1,,,1
lenda,2,,,,,1,,,1
lentamente,2,,,,1,,,,1
lente,4,,1,,1,1,,,1
lento,3,,1,,,1,,,1
ler,2,,,,,1,,,1
lesión,2,,1,,,,,,1
leste,2,,,,,1,,,1
letra,2,,1,,,,,,1
levantar,3,,1,,,1,,,1
leve,3,,1,,,1,,,1
levemente,3,,1,,,1,,,1
león,2,,1,,,,,,1
liberal,6,1,1,,,1,1,1,1
liberar,3,,1,,,1,,,1
liberdade,2,,,,,1,,,1
libra,2,,1,,,1,,,
libremente,2,,1,,,,,,1
libro,3,,1,,1,,,,1
libro de texto,2,,1,,,,,,1
licenza,2,,,,1,,,,1
lieutenant,2,1,,1,,,,,
lift,3,1,,,,1,1,,
liga,3,,1,,,1,,,1
ligar,2,,,,,1,,,1
limitación,2,,1,,,,,,1
limitado,3,,1,,,1,,,1
limitation,2,1,,1,,,,,
limite,4,,,1,1,1,1,,
limpar,2,,,,,1,,,1
limón,2,,1,,,,,,1
lindo,2,,1,,,1,,,
lingua,2,,,,1,,,,1
link,2,1,,,,1,,,
lista,2,,1,,,,,,1
literalmente,4,,1,,,1,1,,1
literario,2,,1,,,,,,1
literatura,4,,1,,,1,,1,1
lixo,2,,,,,1,,,1
lobby,2,1,,,,,1,,
local,6,1,1,1,,1,1,,1
localizar,3,,1,,,1,,,1
logic,2,1,,,,,1,,
logro,2,,1,,,,,,1
long,2,1,,1,,,,,
lot,3,1,,,,,1,1,
lote,2,,1,,,,,,1
lotes,2,,1,,,,,,1
lots,2,1,,,,,,1,
loyal,2,1,,1,,,,,
lua,2,,,,,1,1,,
lucro,2,,1,,,1,,,
lugar,2,,1,,,,,,1
lui,2,,,1,1,,,,
lume,2,,,,,,1,,1
lung,2,1,,,,,1,,
luva,2,,,,,1,,,1
luz solar,2,,,,,1,,,1
là,2,,,1,1,,,,
láser,2,,1,,,,,,1
líder,4,,1,,,1,,1,1
límite,2,,1,,,,,,1
lógica,2,,1,,,1,,,
lógico,2,,1,,,1,,,
ma,2,,,1,1,,,,
machine,2,1,,1,,,,,
madre,2,,1,,1,,,,
magazine,2,1,,1,,,,,
magic,2,1,,,,,1,,
magnitud,2,,1,,,,,1,
magnitude,3,1,,,,1,,,1
magro,2,,,,1,1,,,
mai,2,,,,1,,,1,
main,2,1,,1,,,,,
mainstream,2,1,,,,,1,,
maintenance,2,1,,1,,,,,
maior,2,,,,,1,,,1
mais,2,,,1,,1,,,
major,3,1,,,,,1,1,
mal,5,,1,1,,1,,1,1
maladie,2,,,1,,,1,,
male,2,1,,,1,,,,
malo,2,,1,,,,,,1
mama,3,1,,,,,1,1,
mami,2,,1,,,,1,,
mamá,2,,1,,,,,,1
man,2,1,,,,,,,1
management,2,1,,,,,1,,
mandar,2,,,,,1,,,1
mandat,3,,,1,,,1,1,
mandato,4,,1,,1,1,,,1
mando,2,,1,,,,,,1
mandíbula,4,,1,,,1,,1,1
manera,2,,1,,,,,1,
manga,3,,1,,,1,,,1
manifestant,2,,,1,,,,1,
manifestante,3,,,,1,1,,,1
manipular,4,,1,,,1,,1,1
mano,2,,1,,1,,,,
manta,2,,,,,,,1,1
manteiga,2,,,,,1,,,1
manter,2,,,,,1,,,1
mapa,4,,1,,,1,,1,1
mar,4,,1,,,1,,1,1
marca,6,,1,,1,1,1,1,1
marcador,4,,1,,,1,,1,1
marcha,2,,1,,,,,,1
marco,2,,1,,,,,,1
mare,3,,,,1,,1,1,
marea,4,,1,,1,,,1,1
marge,2,,,1,,,,1,
margine,2,,,,1,,1,,
marihuana,2,,,,,,,1,1
marijuana,5,1,1,1,1,,1,,
marina,3,,1,,,,1,1,
marine,2,1,,1,,,,,
marker,2,1,,,,,1,,
marketing,4,1,,,1,1,1,,
marrón,2,,1,,,,,,1
martelo,2,,,,,1,,,1
martes,2,,1,,,,,,1
masa,3,,1,,,,1,,1
mascota,3,,1,,,,,1,1
masculino,2,,1,,,,,,1
masivo,2,,1,,,,,,1
massa,3,,,,1,1,,1,
mastigar,2,,,,,1,,,1
matando,2,,,,,1,,,1
matar,4,,1,,,1,,1,1
mate,2,1,,,,,1,,
matematica,2,,,,1,,1,,
matemáticas,2,,1,,,,,,1
materia,2,,,,1,,,,1
material,6,1,1,,,1,1,1,1
math,2,1,,1,,,,,
matrimonio,3,,1,,1,,,,1
maximum,2,1,,1,,,,,
mayor,2,1,1,,,,,,
me,2,1,,,1,,,,
mecanismo,3,,1,,,1,,,1
mecánico,2,,1,,,,,,1
medalla,3,,1,,,,,1,1
media,3,1,,,1,,,,1
medical,2,1,,,,,1,,
medicament,2,,,,,,1,1,
medicamento,2,,1,,,1,,,
medición,2,,1,,,,,,1
medio,3,,1,,1,,,,1
medo,2,,,,,1,,,1
mel,2,,,,,,,1,1
membre,2,,,1,,,,1,
membro,3,,,,1,1,,,1
memoria,3,,1,,1,,,,1
memorial,5,1,,,,1,1,1,1
mencionar,2,,1,,,,,,1
menor,4,,1,,,1,,1,1
menos,3,,1,,,1,,,1
mensual,3,,1,,,,,1,1
mental,7,1,1,1,,1,1,1,1
mentalmente,4,,1,,1,1,,,1
mente,4,,1,,1,1,,,1
mention,2,1,,1,,,,,
mentira,2,,,,,1,,,1
mentiroso,2,,1,,,1,,,
mentor,7,1,1,1,,1,1,1,1
mentre,2,,,,1,,,1,
menu,2,1,,1,,,,,
menú,3,,1,,,,,1,1
mercado,3,,1,,,1,,,1
merda,4,,,,1,1,,1,1
merecer,2,,1,,,1,,,
meridional,2,,,,,,,1,1
merit,2,1,,,,,1,,
mero,2,,1,,,1,,,
mes,3,,1,,,,,1,1
mesmo,2,,,,,1,,,1
message,2,1,,1,,,,,
mestre,3,,,,,1,,1,1
meta,2,,1,,,1,,,
metade,2,,,,,1,,,1
metal,5,1,1,,,1,1,,1
meter,2,1,,,,,,,1
metro,4,,1,,1,1,,,1
metáfora,3,,1,,,1,,,1
meu,2,,,,,,,1,1
mexican,2,1,,,,,1,,
mexicano,3,,1,,,1,,,1
migración,2,,1,,,,,,1
migration,2,1,,1,,,,,
mil,3,,1,,,1,,,1
milagre,2,,,,,1,,,1
mile,2,1,,1,,,,,
militar,4,,1,,,,1,1,1
milla,3,,1,,,,,1,1
mille,2,,,1,1,,,,
million,2,1,,1,,,,,
minar,3,,,,,1,,1,1
minimal,2,1,,1,,,,,
minimizar,3,,1,,,1,,,1
minister,2,1,,,,,1,,
ministerio,2,,1,,,,,,1
ministre,2,,,1,,,,1,
ministro,4,,1,,1,1,,,1
minor,2,1,,,,,1,,
minoria,2,,,,,1,,1,
minoría,2,,1,,,,,,1
minut,2,,,,,,1,1,
minute,2,1,,1,,,,,
minuto,4,,1,,1,1,,,1
miracle,3,1,,1,,,,1,
mirada,2,,1,,,,,1,
mirar,4,,1,,,1,,1,1
misericordia,2,,1,,,,,,1
misión,2,,1,,,,,,1
missile,3,1,,1,1,,,,
mission,2,1,,1,,,,,
misterio,2,,1,,,,,,1
misterioso,3,,1,,1,1,,,
mito,4,,1,,1,1,,,1
mm,7,1,1,1,1,,1,1,1
mm-hmm,8,1,1,1,1,1,1,1,1
mmm,8,1,1,1,1,1,1,1,1
mobile,3,1,,1,1,,,,
mobles,2,,,,,,,1,1
moda,3,,,,,1,,1,1
mode,3,1,,1,,,,1,
model,3,1,,,,,1,1,
modelo,3,,1,,,1,,,1
modern,3,1,,,,,1,1,
moderno,4,,1,,1,1,,,1
modest,2,1,,,,,1,,
modesto,4,,1,,1,1,,,1
modificar,4,,1,,,1,,1,1
modo,4,,1,,1,1,,,1
moeda,2,,,,,1,,,1
moi,2,,,1,,,,,1
molestar,3,,1,,,,,1,1
molécula,3,,1,,,1,,,1
moment,4,1,,1,,,1,1,
momento,4,,1,,1,1,,,1
moneda,2,,1,,,,,1,
monetario,2,,1,,1,,,,
monitor,6,1,1,,,1,1,1,1
mono,2,,1,,,,,,1
monstre,2,,,1,,,,1,
monstro,2,,,,,1,,,1
montar,3,,1,,,1,,,1
montaña,2,,1,,,,,,1
monument,4,1,,1,,,1,1,
monumento,4,,1,,1,1,,,1
moral,6,1,1,1,,1,,1,1
moralidade,2,,,,,1,,,1
morder,3,,1,,,1,,,1
morir,2,,1,,,,,1,
morrendo,2,,,,,1,,,1
morrer,2,,,,,1,,,1
mort,2,,,,,,1,1,
mortal,5,,1,,,1,1,1,1
mortalidade,2,,,,,1,,,1
morte,3,,,1,,1,,,1
morto,2,,,,1,1,,,
mostra,3,,,,1,,,1,1
motivación,2,,1,,,,,,1
motivar,4,,1,,,1,,1,1
motivare,2,,,,1,,1,,
motivation,2,1,,1,,,,,
motivo,4,,1,,1,1,,,1
motor,6,1,1,,,1,1,1,1
mouse,3,1,,,,1,1,,
movimento,2,,,,1,1,,,
multitud,2,,1,,,,,1,
mundo,3,,1,,,1,,,1
muscle,2,1,,1,,,,,
museo,2,,1,,,,,,1
museu,2,,,,,1,,1,
musical,6,1,1,1,,1,,1,1
musulman,2,,,1,,,1,,
musulmán,2,,1,,,,,,1
mutuo,3,,1,,1,,,,1
mágico,2,,1,,,1,,,
máquina,3,,1,,,1,,,1
márketing,2,,1,,,,,,1
máscara,2,,1,,,,,,1
máximo,3,,1,,,1,,,1
médico,3,,1,,,1,,,1
mérito,3,,1,,,1,,,1
método,3,,1,,,1,,,1
mínimo,3,,1,,,1,,,1
míssil,2,,,,,1,,1,
múltiple,2,,1,,,,,,1
músculo,3,,1,,,1,,,1
música,4,,1,,,1,,1,1
músico,3,,1,,,1,,,1
nacional,4,,1,,,1,,1,1
nación,2,,1,,,,,,1
nada,3,,1,,,1,,,1
nadar,3,,1,,,1,,,1
nariz,3,,1,,,1,,,1
narrador,4,,1,,,1,,1,1
narrativa,5,,1,,1,1,,1,1
nas,2,,,,,,1,1,
nation,2,1,,1,,,,,
national,2,1,,1,,,,,
nativo,4,,1,,1,1,,,1
natural,6,1,1,,,1,1,1,1
naturalmente,4,,1,,1,1,,,1
natureza,2,,,,,1,,,1
navegador,4,,1,,,1,,1,1
necesariamente,2,,1,,,,,,1
necesario,2,,1,,,,,,1
necessariamente,2,,,,1,1,,,
negación,2,,1,,,,,,1
negar,4,,1,,,1,,1,1
negare,2,,,,1,,1,,
negativo,3,,1,,1,1,,,
negociación,2,,1,,,,,,1
negociar,4,,1,,,1,,1,1
negocio,2,,1,,,,,,1
negro,2,,1,,,,,,1
nena,2,,,,,,,1,1
nervioso,2,,1,,,,,,1
nervo,2,,,,1,1,,,
nervoso,2,,,,1,1,,,
net,3,1,,,,,1,1,
neutral,2,1,1,,,,,,
neutre,2,,,1,,,,1,
neutro,3,,,,1,1,,,1
neve,3,,,,1,1,,,1
ni,2,,1,1,,,,,
nido,2,,1,,1,,,,
ningún,2,,1,,,,,,1
nivel,3,,1,,,,1,,1
niño,2,,1,,,,,,1
no,5,1,1,,1,1,,1,
noción,2,,1,,,,,,1
noi,3,,,,1,,1,1,
noite,2,,,,,1,,,1
noiva,2,,,,,1,,,1
nombre,2,,1,,,,,1,
nome,3,,,,1,1,,,1
nomeado,2,,,,,1,,,1
nomear,2,,,,,1,,,1
nomination,2,1,,1,,,,,
non,3,,,1,1,,,,1
nonprofit,2,1,,,,,1,,
nor,2,1,,,,,1,,
nord,3,,,1,1,,,1,
nord-est,4,,,1,1,,1,1,
nordeste,2,,,,,1,,,1
norma,5,,1,,1,1,,1,1
normal,6,1,1,,,1,1,1,1
normalmente,4,,1,,1,1,,,1
noroeste,3,,1,,,1,,,1
norte,3,,1,,,1,,,1
nota,2,,,,,,1,1,
notable,2,,,,,,,1,1
notion,2,1,,1,,,,,
nou,2,,,,,,1,1,
novato,3,,1,,,1,,,1
nove,3,,,,1,1,,,1
novela,3,,1,,,1,,,1
novembre,2,,,1,1,,,,
novembro,2,,,,,1,,,1
novo,2,,,,,1,,,1
nu,4,,,1,,1,1,1,
nube,2,,1,,,,,,1
nuclear,6,1,1,,,1,1,1,1
numeroso,2,,1,,,1,,,
nunca,2,,1,,,,,,1
nutrición,2,,1,,,,,,1
nutrition,2,1,,1,,,,,
nós,2,,,,,1,,,1
nós mesmos,2,,,,,1,,,1
número,3,,1,,,1,,,1
o,4,,1,,1,,,1,1
objection,2,1,,1,,,,,
objetivo,2,,1,,,1,,,
objeto,2,,1,,,1,,,
obligar,2,,1,,,,,1,
obligation,2,1,,1,,,,,
obras,2,,1,,,,,,1
obrigar,2,,,,,1,,,1
observación,2,,1,,,,,,1
observador,4,,1,,,1,,1,1
observar,4,,1,,,1,,1,1
observation,2,1,,1,,,,,
observer,2,1,,1,,,,,
obstacle,3,1,,1,,,,1,
obstáculo,3,,1,,,1,,,1
obtenir,2,,,1,,,,1,
obviamente,3,,1,,,1,,,1
obvio,2,,1,,,,,,1
ocasional,4,,1,,,1,,1,1
ocasionalmente,2,,,,,1,,,1
ocasión,2,,1,,,,,,1
occasion,2,1,,1,,,,,
occidental,3,,1,1,,,,,1
ocean,2,1,,,,,1,,
oceano,2,,,,1,1,,,
ocorrer,2,,,,,1,,,1
octubre,2,,1,,,,,1,
ocupación,2,,1,,,,,,1
ocupado,3,,1,,,1,,,1
ocupar,4,,1,,,1,,1,1
odio,3,,1,,1,,,,1
oeste,2,,1,,,,,,1
ofender,3,,1,,,1,,,1
ofensa,4,,1,,,1,,1,1
ofensiva,2,,1,,,1,,,
oferta,4,,1,,,1,,1,1
offensive,2,1,,1,,,,,
oficial,5,,1,,,1,1,1,1
oficialmente,3,,1,,,1,,,1
oficina,4,,1,,,1,,1,1
oh,3,1,,,,,,1,1
oito,2,,,,,1,,,1
ok,2,1,,,1,,,,
ola,2,,1,,,,,,1
olive,2,1,,1,,,,,
olímpico,3,,1,,,1,,,1
ombra,2,,,,1,,,1,
omitir,3,,1,,,1,,,1
on,3,1,,,,,,1,1
once,4,1,1,1,,,,,1
oncle,2,,,1,,,,1,
onda,2,,,,1,,,,1
onza,2,,1,,,,,,1
onze,2,,,,,1,,1,
ooh,4,1,,,1,1,1,,
opción,2,,1,,,,,,1
opera,2,1,,,1,,,,
operación,2,,1,,,,,,1
operador,4,,1,,,1,,1,1
operando,2,,1,,,,,,1
operar,2,,,,,1,,,1
operativo,2,,,,1,1,,,
operator,2,1,,,,,1,,
opinión,2,,1,,,,,,1
oportunidade,2,,,,,1,,,1
oposición,2,,1,,,,,,1
oposto,2,,,,,1,,,1
opposition,2,1,,1,,,,,
opt,2,1,,,,,1,,
optar,4,,1,,,1,,1,1
optimista,3,,1,,,,,1,1
option,2,1,,1,,,,,
or,3,1,,1,,,,1,
ora,2,,,,1,,1,,
oración,2,,1,,,,,,1
oral,7,1,1,1,,1,1,1,1
orbita,2,,1,,1,,,,
ordenar,2,,,,,,,1,1
ordinario,3,,1,,1,,,,1
ordre,2,,,1,,,,1,
orella,2,,,,,,,1,1
organ,2,1,,,,,1,,
organic,2,1,,,,,1,,
organism,2,1,,,,,1,,
organisme,2,,,1,,,,1,
organismo,4,,1,,1,1,,,1
organización,2,,1,,,,,,1
organizar,3,,1,,,1,,,1
orgullo,2,,1,,,,,,1
orgulloso,2,,1,,,,,,1
orgánico,2,,1,,,,,,1
orientación,2,,1,,,,,,1
oriental,3,,1,,,,,1,1
orientation,2,1,,1,,,,,
origen,2,,1,,,,,1,
original,6,1,1,1,,1,1,1,
originalmente,2,,1,,,1,,,
origine,3,,,1,1,,1,,
oro,2,,1,,1,,,,
os,2,,,,,,1,1,
osso,2,,,,1,1,,,
ou,5,,,1,,1,1,1,1
ouro,2,,,,,1,,,1
ours,2,1,,1,,,,,
outro,2,,,,,1,,,1
ovo,2,,,,,1,,,1
oxigen,2,,,,,,1,1,
pa,2,,,,,,1,1,
pace,3,1,,,1,,1,,
paciencia,2,,1,,,,,,1
paciente,3,,1,,,1,,,1
pack,2,1,,1,,,,,
pad,3,1,,,1,,1,,
padre,3,,1,,1,1,,,
pagar,4,,1,,,1,,1,1
page,2,1,,1,,,,,
pago,2,,1,,,,,,1
pai,2,,,,,1,,,1
pain,2,1,,1,,,,,
pair,2,1,,1,,,,,
pal,2,1,,,,,,1,
palabra,2,,1,,,,,,1
palestinian,2,1,,,,,1,,
palestino,3,,1,,,1,,,1
palestra,2,,,,1,1,,,
palma,3,,1,,1,,,,1
palo,2,,1,,1,,,,
pan,2,1,,,,,,,1
pandilla,2,,1,,,,,,1
panel,3,1,1,,,,,,1
pano,2,,,,,1,,,1
panorama,2,,1,,,1,,,
pantalla,3,,1,,,,,1,1
pantalón,2,,1,,,,,,1
papa,5,,1,1,1,1,,1,
papel,3,,1,,,1,,,1
paper,2,1,,,,,,1,
paquet,2,,,1,,,,1,
paquete,2,,1,,,,,,1
par,4,,1,1,,1,,,1
para,2,,,,,1,,,1
parade,2,1,,1,,,,,
parafuso,2,,,,,1,,,1
parar,2,,,,,,,1,1
parc,2,,,,,,1,1,
parche,2,,1,,,,,,1
parcial,4,,1,,,1,,1,1
parcialmente,3,,1,,,1,,,1
pare,2,,,,,,1,1,
parecer,3,,1,,,1,,,1
parella,2,,,,,,,1,1
parent,2,1,,1,,,,,
parental,5,1,,1,,1,,1,1
pari,2,,,1,1,,,,
parking,2,1,,1,,,,,
parlament,2,,,,,,1,1,
parlamento,4,,1,,1,1,,,1
parque,2,,1,,,,,,1
part,2,1,,,,,,1,
parte,5,,1,,1,1,1,,1
participación,2,,1,,,,,,1
participant,4,1,,1,,,1,1,
participante,2,,,,,1,,,1
participar,4,,1,,,1,,1,1
participation,2,1,,1,,,,,
particular,3,1,,,,,,1,1
particularmente,3,,1,,,1,,,1
partícula,4,,1,,,1,,1,1
parágrafo,2,,,,,1,,,1
parámetro,2,,1,,,,,,1
pas,2,,,,,,1,1,
pasado,2,,1,,,,,,1
pasar por alto,2,,1,,,,,,1
paso,2,,1,,,,,,1
passage,2,1,,1,,,,,
passar,2,,,,,1,,1,
pastor,6,1,1,,,1,1,1,1
patent,2,1,,,,,,1,
patente,2,,,,,1,,,1
patience,2,1,,1,,,,,
patient,2,1,,1,,,,,
patria,3,,1,,1,,,,1
patrocinador,4,,1,,,1,,1,1
patrulla,3,,1,,,,,1,1
patrón,2,,1,,,,,,1
pau,2,,,,,,,1,1
pausa,5,,1,,1,1,,1,1
pause,2,1,,1,,,,,
pauta,2,,,,,,,1,1
pavo,2,,1,,,,,,1
paz,2,,1,,,,,,1
país,4,,1,,,1,,1,1
pc,6,1,,,1,1,1,1,1
pecado,3,,1,,,1,,,1
pedido,2,,1,,,1,,,
pedir prestado,2,,1,,,,,,1
pedra,3,,,,,1,,1,1
pegar,2,,1,,,1,,,
peito,2,,,,,1,,,1
peixe,2,,,,,1,,,1
pelar,3,,1,,,,,1,1
película,2,,1,,,,,,1
pena,2,,,,1,1,,,
pensando,3,,1,,,1,,,1
pensar,2,,1,,,,,1,
pensión,2,,1,,,,,,1
per,3,1,,,1,,,1,
per sempre,2,,,,1,,,1,
percepción,2,,1,,,,,,1
percibido,2,,1,,,,,,1
percibir,2,,1,,,,,,1
perda,2,,,,,1,,,1
perdedor,3,,1,,,,,1,1
perder,3,,1,,,1,,,1
perdido,2,,,,,1,,,1
perdoar,2,,,,,1,,,1
perdonar,2,,1,,,,,1,
perdre,2,,,1,,,,1,
perfect,2,1,,,,,1,,
perfectamente,2,,1,,,,,,1
perfil,3,,1,,,1,,,1
performance,2,1,,1,,,,,
pericia,2,,1,,,,,,1
perigo,2,,,,,1,,,1
perigoso,2,,,,,1,,,1
permanecer,3,,1,,,1,,,1
permanent,4,1,,1,,,1,1,
permanente,4,,1,,1,1,,,1
permiso,2,,1,,,,,,1
permitir,3,,1,,,1,,,1
perna,2,,,,,1,,,1
pero,2,,1,,,,,,1
perseguir,4,,1,,,1,,1,1
persistir,4,,1,,,1,,1,1
persona,3,,1,,1,,,1,
personal,4,1,1,,,,1,1,
personalidade,2,,,,,1,,,1
personalmente,2,,1,,1,,,,
personnel,2,1,,1,,,,,
perspectiva,5,,1,,,1,1,1,1
perspective,2,1,,1,,,,,
persuadir,4,,1,,,1,,1,1
pertencer,2,,,,,1,,,1
pertinente,2,,1,,1,,,,
perturbador,2,,1,,,1,,,
período,3,,1,,,1,,,1
pesadelo,2,,,,,1,,,1
pesado,3,,1,,,1,,,1
pesar,4,,1,,,1,,1,1
pesca,3,,1,,1,,,,1
peso,4,,1,,1,1,,,1
petición,2,,1,,,,,,1
petit,2,,,1,,,,1,
peu,2,,,1,,,,1,
peça,2,,,,,1,,1,
phase,2,1,,1,,,,,
photo,2,1,,1,,,,,
phrase,2,1,,1,,,,,
piano,6,1,1,1,,1,,1,1
pico,2,,,,,1,,,1
pie,2,1,1,,,,,,
pila,4,,1,,1,,,1,1
pile,2,1,,1,,,,,
pilot,3,1,,,,,1,1,
pilota,2,,,,1,,,1,
piloto,3,,1,,,1,,,1
pin,4,1,,1,,,1,1,
pino,2,,1,,1,,,,
pintar,2,,,,,1,,,1
pintor,4,,1,,,1,,1,1
pintura,4,,1,,,1,,1,1
pipeline,3,1,,1,,1,,,
pirata,5,,1,,1,1,,1,1
pirate,2,1,,1,,,,,
piscina,5,,1,,1,1,,1,1
piso,3,,1,,,1,,,1
pista,3,,1,,,,,1,1
pistola,3,,1,,1,,,1,
pit,2,1,,,,,,1,
pizza,5,1,,,,1,1,1,1
placa,2,,,,,1,,1,
placement,2,1,,1,,,,,
plan,4,1,1,,,,1,,1
plana,2,,,,,,,1,1
planeta,4,,1,,,1,,1,1
planificación,2,,1,,,,,,1
plano,2,,1,,,1,,,
planta,3,,1,,,,,1,1
plastic,2,1,,,,,1,,
plata,2,,1,,,,,1,
plataforma,4,,1,,,1,,1,1
plus,3,1,,1,,,1,,
plástico,2,,,,,1,,,1
plátano,2,,1,,,,,,1
pm,5,1,1,,1,,,1,1
pneu,2,,,1,,1,,,
pobre,4,,1,,,1,,1,1
pobreza,3,,1,,,1,,,1
pode ser,2,,,,,1,,,1
poder,3,,1,,,,,1,1
poderoso,3,,1,,,1,,,1
poem,2,1,,,,,1,,
poema,4,,1,,,1,,1,1
poesia,3,,,,1,1,,1,
poesía,2,,1,,,,,,1
poet,2,1,,,,,1,,
poeta,5,,1,,1,1,,1,1
point,2,1,,1,,,,,
police,2,1,,1,,,,,
policía,2,,1,,,,,,1
politicamente,3,,,,1,1,,,1
politician,2,1,,,,,1,,
pollo,2,,1,,1,,,,
polo,2,,1,,,,,,1
política,4,,1,,,1,,1,1
político,3,,1,,,1,,,1
pompa,2,,,,1,,1,,
pont,2,,,1,,,,1,
ponte,2,,,,1,,,,1
pop,7,1,,1,1,1,1,1,1
popular,6,1,1,,,1,1,1,1
popularidade,2,,,,,1,,,1
population,2,1,,1,,,,,
por,4,,1,,,1,,1,1
por cento,2,,,,,1,,,1
por favor,3,,1,,,1,,,1
porc,3,,,1,,,1,1,
porche,2,,1,1,,,,,
porco,2,,,,,1,,,1
porque,2,,1,,,,,,1
port,4,1,,1,,,1,1,
porta,4,,,,1,1,,1,1
portavoz,2,,1,,,,,,1
portion,2,1,,1,,,,,
porto,2,,,,1,,,,1
portrait,2,1,,1,,,,,
pose,5,1,1,1,,1,,,1
posesión,2,,1,,,,,,1
posible,2,,1,,,,,,1
posiblemente,2,,1,,,,,,1
posición,2,,1,,,,,,1
position,2,1,,1,,,,,
positivo,4,,1,,1,1,,,1
possession,2,1,,1,,,,,
possible,3,1,,1,,,,1,
post,2,1,,,,,1,,
posta de sol,2,,,,,,,1,1
poster,4,1,,1,,1,1,,
posterior,2,,,,,,,1,1
postura,3,,1,,,,,1,1
pot,3,1,,1,,,,1,
potencial,4,,1,,,1,,1,1
potencialmente,3,,1,,,1,,,1
pouco,2,,,,,1,,,1
pour,2,1,,1,,,,,
practicant,2,,,,,,1,1,
prata,2,,,,,1,,,1
praticante,2,,,,1,1,,,
prato,2,,,,,1,,,1
precioso,3,,1,,,1,,,1
precisamente,4,,1,,1,1,,,1
preciso,4,,1,,1,1,,,1
predicar,3,,1,,,,,1,1
preferencia,2,,1,,,,,,1
preferir,2,,1,,,,,1,
pregar,2,,,,,1,,1,
pregunta,3,,1,,,,,1,1
preguntar,3,,1,,,,,1,1
premio,3,,1,,1,,,,1
premisa,2,,1,,,,,,1
premissa,2,,,,,1,,1,
premium,3,1,,,,,1,1,
prendre,2,,,1,,,,1,
preocupación,2,,1,,,,,,1
preocupado,3,,1,,,1,,,1
preocuparse,2,,1,,,,,,1
preparación,2,,1,,,,,,1
preparar,4,,1,,,1,,1,1
presa,2,,,,1,,1,,
prescription,2,1,,1,,,,,
present,2,1,,,,,,1,
presentación,2,,1,,,,,,1
presente,2,,,,,1,,,1
presenza,2,,,,1,,,,1
preservar,3,,1,,,1,,1,
presidencia,2,,1,,,,,,1
presidencial,4,,1,,,1,,1,1
president,2,1,,,,,,1,
presidente,4,,1,,1,1,,,1
presión,2,,1,,,,,,1
preso,2,,1,,,,,,1
pressa,2,,,,,1,,1,
pressione,2,,,,1,1,,,
prestar,3,,1,,,,,1,1
presuntamente,2,,1,,,,,,1
presunto,2,,1,,1,,,,
prevención,2,,1,,,,,,1
prever,3,,1,,,1,,,1
previsto,2,,1,,1,,,,
prim,2,,,,,,1,1,
prima,3,,1,,1,1,,,
primario,2,,1,,1,,,,
primavera,4,,1,,1,,,1,1
prime,2,1,,1,,,,,
primo,2,,,,1,,,,1
prince,2,1,,1,,,,,
princesa,3,,1,,,,,1,1
principal,7,1,1,1,,1,1,1,1
principale,2,,,1,1,,,,
principalmente,4,,1,,1,1,,,1
principio,3,,1,,1,,,,1
prioridade,2,,,,,1,,,1
prisioneiro,2,,,,,1,,,1
prisión,2,,1,,,,,,1
prison,2,1,,1,,,,,
privacidade,2,,,,,1,,,1
privacy,2,1,,,1,,,,
privado,3,,1,,,1,,,1
privat,2,,,,,,1,1,
privilegio,2,,1,,1,,,,
pro,6,1,,1,1,,1,1,1
probabilidade,2,,,,,1,,,1
probable,4,,1,1,,,,1,1
probablement,2,,,1,,,,1,
probablemente,2,,1,,,,,,1
problema,6,,1,,1,1,1,1,1
procedimento,2,,,,1,1,,,
procesador,2,,1,,,,,,1
proceso,2,,1,,,,,,1
processador,2,,,,,1,,1,
processo,2,,,,1,1,,,
producir,2,,1,,,,,,1
production,2,1,,1,,,,,
productor,2,,1,,,,,1,
produtividade,2,,,,,1,,,1
produtivo,2,,,,,1,,,1
produtor,2,,,,,1,,,1
profesional,3,,1,,,,1,,1
profesión,2,,1,,,,,,1
profesor,3,,1,,,,1,,1
professional,2,1,,,,,,1,
professor,3,1,,,,1,,1,
profeta,5,,1,,1,1,,1,1
profil,2,,,1,,,1,,
profit,3,1,,1,,,1,,
profunda,2,,,,,,,1,1
profundamente,3,,1,,,1,,,1
profundidade,2,,,,,1,,,1
profundo,3,,1,,,1,,,1
program,2,1,,,,,1,,
programa,5,,1,,,1,1,1,1
programación,2,,1,,,,,,1
progresivo,2,,1,,,,,,1
progressive,2,1,,1,,,,,
progressivo,2,,,,1,1,,,
progresso,2,,,,1,1,,,
prohibición,2,,1,,,,,,1
prohibir,3,,1,,,,,1,1
prohibit,2,1,,,,,,1,
projection,2,1,,1,,,,,
promesa,3,,1,,,,,1,1
prometedor,3,,1,,,,,1,1
prominente,2,,1,,1,,,,
promoción,2,,1,,,,,,1
promotion,2,1,,1,,,,,
promover,3,,1,,,1,,,1
prompt,2,1,,,,,1,,
promulgar,3,,1,,,,,1,1
prontamente,2,,,,1,1,,,
pronto,3,,1,,1,1,,,
propaganda,6,1,1,,1,1,,1,1
propina,2,,1,,,,,1,
propio,2,,1,,,,,,1
proporcionar,2,,,,,,,1,1
proporción,2,,1,,,,,,1
proportion,2,1,,1,,,,,
proposición,2,,1,,,,,,1
proposition,2,1,,1,,,,,
proposta,4,,,,1,1,,1,1
proposto,3,,,,1,1,,,1
propósito,3,,1,,,1,,,1
prosperar,3,,1,,,,,1,1
protection,2,1,,1,,,,,
protectora,2,,,,,,,1,1
proteger,2,,1,,,1,,,
protest,2,1,,,,,1,,
protesta,4,,1,,1,,,1,1
proteína,3,,1,,,1,,,1
protocol,3,1,,,,,1,1,
protocolo,3,,1,,,1,,,1
prova,3,,,,1,1,,1,
provar,2,,,,,1,,1,
provincia,2,,1,,,,,,1
província,2,,,,,1,,1,
práctica,2,,1,,,,,,1
práctico,2,,1,,,,,,1
préstamo,2,,1,,,,,,1
próximo,2,,1,,,1,,,
psicologia,2,,,,1,1,,,
psicológico,2,,1,,,1,,,
psicólogo,2,,1,,,1,,,
public,3,1,,1,,,1,,
publicación,2,,1,,,,,,1
publicamente,2,,,,,1,,,1
publicar,4,,1,,,1,,1,1
publication,2,1,,1,,,,,
publicidade,2,,,,,1,,,1
pulmón,2,,1,,,,,,1
pulso,2,,,,,1,,,1
punch,2,1,,,1,,,,
punir,2,,,1,,1,,,
punto,3,,1,,1,,,,1
pur,3,,,1,,,1,1,
pure,2,1,,,1,,,,
puro,4,,1,,1,1,,,1
puzzle,4,1,,1,1,,1,,
puñado,2,,1,,,,,,1
puño,2,,1,,,,,,1
página,2,,1,,,1,,,
pálido,3,,1,,,1,,,1
pánico,2,,1,,,,,,1
pé,2,,,,,1,,,1
público,3,,1,,,1,,,1
qualificar,2,,,,,1,,1,
quando,2,,,,1,1,,,
quantum,3,1,,1,,1,,,
quaranta,2,,,,1,,,1,
quarterback,5,1,,,1,1,,1,1
quatre,2,,,1,,,,1,
que,5,,1,1,,1,,1,1
queimar,2,,,,,1,,,1
queixo,2,,,,,1,,,1
quente,2,,,,,1,,,1
querida,2,,1,,,1,,,
querido,3,,1,,,1,,,1
question,2,1,,1,,,,,
questionnaire,2,1,,1,,,,,
qui,3,,,1,1,,,1,
quince,2,,1,,,,,,1
quinto,4,,1,,1,1,,,1
quinze,3,,,1,,1,,1,
química,4,,1,,,1,,1,1
químico,2,,1,,,1,,,
racial,6,1,1,1,,1,,1,1
racional,4,,1,,,1,,1,1
racisme,2,,,1,,,,1,
racismo,3,,1,,,1,,,1
racista,4,,1,,,1,,1,1
rack,3,1,,,,,1,,1
radar,7,1,,1,1,1,1,1,1
radiación,2,,1,,,,,,1
radiation,2,1,,1,,,,,
radical,7,1,1,1,,1,1,1,1
radio,5,1,1,1,,,1,,1
rage,2,1,,1,,,,,
rail,2,1,,1,,,,,
raio,2,,,,,1,,,1
rally,2,1,,,1,,,,
rama,2,,1,,,,,,1
ramo,2,,,,1,1,,,
ranch,3,1,,1,1,,,,
rancho,3,,1,,,1,,,1
rang,3,,,1,,,1,1,
rango,3,,1,,1,,,,1
rapid,2,1,,,,,1,,
rapidamente,3,,,,1,1,,,1
rar,2,,,,,,1,1,
raramente,3,,,,1,1,,,1
rare,2,1,,1,,,,,
raro,3,,1,,1,,,,1
rascar,2,,,,,,,1,1
rasgar,2,,,,,1,,,1
rastro,2,,1,,,,,,1
rat,2,1,,1,,,,,
rata,3,,1,,,,,1,1
rating,2,1,,,,,1,,
rato,2,,,,,1,,,1
raza,2,,1,,,,1,,
razón,2,,1,,,,,,1
raíz,2,,1,,,,,,1
re,6,1,1,,1,,1,1,1
reaccionar,3,,1,,,,,1,1
reacción,2,,1,,,,,,1
real,6,1,1,,,1,1,1,1
realidade,2,,,,,1,,,1
realista,4,,1,,,1,,1,1
realmente,2,,,,,1,,,1
rebel,3,1,,,,,1,1,
rebelde,3,,1,,,1,,,1
rebotar,2,,,,,,,1,1
receita,2,,,,,1,,,1
recent,3,1,,,,,1,1,
recente,3,,,,1,1,,,1
recentemente,3,,,,1,1,,,1
recepción,2,,1,,,,,,1
receptor,5,,1,,,1,1,1,1
recesión,2,,1,,,,,,1
recibir,2,,1,,,,,,1
recipient,2,1,,,,,1,,
recipiente,3,,1,,,1,,,1
reclamar,2,,,,,1,,,1
recomendación,2,,1,,,,,,1
recomendar,3,,1,,,1,,,1
recompensa,4,,1,,,1,,1,1
reconstruir,3,,1,,,1,,1,
record,2,1,,,,,1,,
recordar,2,,1,,,,,1,
recordatorio,2,,1,,,,,,1
recrutar,2,,,,,1,,,1
recuperación,2,,1,,,,,,1
recuperar,4,,1,,,1,,1,1
recuperare,2,,,,1,,1,,
recurs,2,,,,,,1,1,
recurso,3,,1,,,1,,,1
red,2,1,1,,,,,,
rede,2,,,,,1,,,1
reduce,2,1,,,,,1,,
reelección,2,,1,,,,,,1
referencia,2,,1,,,,,,1
referir,2,,1,,,1,,,
reflexión,2,,1,,,,,,1
reforma,5,,1,,,1,1,1,1
reforçar,2,,,,,1,,1,
refugiado,2,,1,,,1,,,
refugiat,2,,,,,,1,1,
regal,2,,,,,,1,1,
regalo,2,,1,,1,,,,
regard,2,1,,1,,,,,
regime,3,1,,,1,1,,,
regional,5,1,1,,,1,1,1,
registro,2,,1,,,1,,,
regla,3,,1,,,,1,1,
regra,2,,,,,1,,,1
regret,2,1,,,,,1,,
regulación,2,,1,,,,,,1
regular,5,1,1,,,1,,1,1
regularmente,3,,1,,,1,,,1
rei,2,,,,,,,1,1
reina,2,,1,,,,,1,
reino,3,,1,,,1,,,1
relacionado,2,,1,,,1,,,
relacionar,4,,1,,,1,,1,1
relación,2,,1,,,,,,1
relation,2,1,,1,,,,,
relativamente,4,,1,,1,1,,,1
relativo,2,,1,,,1,,,
relax,2,1,,,1,,,,
relevante,2,,,,,1,1,,
relief,2,1,,,,,1,,
religion,2,1,,1,,,,,
religioso,3,,1,,1,1,,,
remolque,2,,1,,,,,,1
remoto,2,,1,,,,,,1
render,4,1,,,1,1,,,1
rep,3,1,,,,,,1,1
reparar,2,,1,,,1,,,
repentino,2,,1,,,1,,,
repetidamente,3,,1,,,1,,,1
repetir,3,,1,,,,,1,1
reporter,3,1,,,1,,1,,
representación,2,,1,,,,,,1
representante,3,,1,,,1,,,1
representar,4,,1,,,1,,1,1
republican,2,1,,,,,1,,
republicano,3,,1,,,1,,,1
reputación,2,,1,,,,,,1
república,3,,1,,,1,,,1
requisito,2,,1,,,,,,1
rescate,2,,1,,,,,,1
reserva,4,,1,,,1,,1,1
residencia,2,,1,,,,,,1
residencial,3,,,,,1,,1,1
resident,2,1,,,,,,1,
residente,4,,1,,1,1,,,1
resistencia,2,,1,,,,,,1
resistir,4,,1,,,1,,1,1
resolución,2,,1,,,,,,1
resolver,3,,1,,,1,,,1
resort,2,1,,,,,,1,
respect,2,1,,,,,1,,
respectivamente,3,,1,,,1,,,1
respecto,2,,1,,,,,,1
respiración,2,,1,,,,,,1
respirar,4,,1,,,1,,1,1
respondent,2,1,,,,,1,,
responder,3,,1,,,1,,,1
responsabilidade,2,,,,,1,,,1
responsable,4,,1,1,,,,1,1
resposta,3,,,,,1,,1,1
restant,2,,,1,,,,1,
restante,2,,1,,,,,,1
restaurant,3,1,,,,,1,1,
restaurante,3,,1,,,1,,,1
restaurar,4,,1,,,1,,1,1
restriction,2,1,,1,,,,,
restringir,3,,1,,,1,,1,
resultado,3,,1,,,1,,,1
resumo,2,,,,,1,,,1
retard,2,,,1,,,,1,
retirarse,2,,1,,,,,,1
retratar,4,,1,,,1,,1,1
retrato,3,,1,,,1,,,1
retórica,3,,1,,,1,,,1
reunir,2,,,,,1,,1,
reunión,2,,1,,,,,,1
revelación,2,,1,,,,,,1
revelar,4,,1,,,1,,1,1
revisión,2,,1,,,,,,1
revista,4,,1,,,1,,1,1
revolucionario,2,,1,,,,,,1
revolución,2,,1,,,,,,1
rezar,3,,1,,,1,,,1
ridículo,3,,1,,,1,,,1
rifle,5,1,1,,,1,,1,1
risc,2,,,,,,1,1,
risco,2,,,,,1,,,1
ritmo,4,,1,,1,1,,,1
ritual,6,1,1,,,1,1,1,1
rival,7,1,1,1,,1,1,1,1
roba,2,,,,1,,,1,
robar,2,,1,,,,,1,
robot,7,1,1,1,1,,1,1,1
rock,2,1,1,,,,,,
roda,3,,,,,1,,1,1
rodear,2,,1,,,,,,1
rolar,2,,,,,1,,,1
roman,3,1,,1,,,1,,
romance,5,1,1,1,,1,,,1
romano,4,,1,,1,1,,,1
romantic,2,1,,,,,1,,
romántico,2,,1,,,,,,1
rosa,3,,,,1,,,1,1
rose,2,1,,1,,,,,
roto,2,,1,,,,,,1
roubar,2,,,,,1,,,1
roubo,2,,,,,1,,,1
route,2,1,,1,,,,,
routine,3,1,,1,1,,,,
rude,3,1,,1,,1,,,
ruina,2,,1,,,,1,,
rumor,5,1,1,,,1,,1,1
rural,7,1,1,1,,1,1,1,1
ruso,2,,1,,,,,,1
russo,2,,,,1,1,,,
ruta,3,,1,,,,,1,1
rutina,3,,1,,,,,1,1
ruído,2,,,,,1,,,1
ruína,2,,,,,1,,,1
rápido,3,,1,,,1,,,1
ré,2,,,1,,1,,,
rígido,2,,1,,,1,,,
río,2,,1,,,,,,1
saber,3,,1,,,,,1,1
sabio,2,,1,,,,,,1
sabor,4,,1,,,1,,1,1
sac,3,,,1,,,1,1,
sacerdote,2,,1,,1,,,,
saco,3,,1,,,1,,,1
sacrifice,2,1,,1,,,,,
sacrificio,3,,1,,1,,,,1
sacudir,2,,1,,,1,,,
sagrado,3,,1,,,1,,,1
saia,2,,,,,1,,,1
sake,3,1,,,,,,1,1
sal,4,,1,,,1,,1,1
sala,4,,,,1,1,1,1,
salario,3,,1,,1,,,,1
sale,3,1,,1,1,,,,
salmón,2,,1,,,,,,1
salsa,4,,1,,1,,,1,1
salt,2,1,,,,,1,,
saltar,3,,1,,,,,1,1
salto,4,,1,,1,1,,,1
saludar,2,,1,,,,,1,
salut,3,,,1,,,1,1,
salvare,2,,,,1,,1,,
salón,2,,1,,,,,,1
sanción,2,,1,,,,,,1
sanction,2,1,,1,,,,,
sandwich,3,1,,1,,,1,,
sangrar,3,,1,,,1,,,1
sangue,3,,,,1,1,,,1
sano,2,,1,,1,,,,
santo,4,,1,,1,1,,,1
sargento,2,,1,,,1,,,
satisfacción,2,,1,,,,,,1
satisfacer,2,,1,,,,,,1
satisfeito,2,,,,,1,,,1
satélite,3,,1,,,1,,,1
sauce,2,1,,1,,,,,
saudar,2,,,,,1,,,1
savant,2,,,1,,,1,,
saída,2,,,,,1,,,1
saúde,2,,,,,1,,,1
scandal,2,1,,,,,1,,
scenario,2,1,,,1,,,,
scout,2,1,,1,,,,,
screening,2,1,,,,,1,,
sculpture,2,1,,1,,,,,
se,5,,,1,1,1,1,,1
sec,2,,,1,,,,1,
sección,2,,1,,,,,,1
seco,3,,1,,,1,,,1
secret,4,1,,1,,,1,1,
secretario,2,,1,,,,,,1
section,2,1,,1,,,,,
sector,5,1,1,,,,1,1,1
secuencia,2,,1,,,,,,1
secular,5,1,1,,,1,,1,1
secundario,2,,1,,,,,,1
seda,3,,1,,,1,,,1
sede,2,,1,,,,,,1
segment,4,1,,1,,,1,1,
segmento,4,,1,,1,1,,,1
segredo,2,,,,,1,,,1
seguidor,4,,1,,,1,,1,1
segundo,3,,1,,,1,,,1
seguramente,2,,1,,,,,,1
seguro,3,,1,,,1,,,1
seis,3,,1,,,1,,,1
seleccionar,2,,,,,,,1,1
selección,2,,1,,,,,,1
selva,3,,1,,,1,,,1
semana,3,,1,,,1,,,1
semanalmente,3,,1,,,1,,,1
semente,2,,,,,1,,,1
sempre,4,,,,1,1,,1,1
sempre que,3,,,,,1,,1,1
senado,3,,1,,,1,,,1
senador,4,,1,,,1,,1,1
senat,2,,,,,,1,1,
senator,2,1,,,,,1,,
sendo,2,,,,,1,,,1
senior,3,1,,,,,1,,1
sens,2,,,1,,,1,,
sensación,2,,1,,,,,,1
sensation,2,1,,1,,,,,
sense,2,1,,,,,,1,
sensibilidade,2,,,,,1,,,1
sensible,2,,,1,,,,1,
senso,2,,,,1,1,,,
sensor,5,1,1,,,1,,1,1
sentido,2,,1,,,,,,1
sentiment,4,1,,1,,,1,1,
sentimento,3,,,,1,1,,,1
sentir,5,,1,1,,1,,1,1
separación,2,,1,,,,,,1
separado,2,,,,,1,,,1
separare,2,,,,1,,1,,
ser,4,,1,,,1,,1,1
sera,2,,,1,1,,,,
sergent,3,,,1,,,1,1,
seriamente,2,,1,,,1,,,
serie,4,,1,,1,,1,,1
server,2,1,,,1,,,,
servidor,4,,1,,,1,,1,1
servindo,2,,,,,1,,,1
servir,3,,,1,,1,,1,
servire,2,,,,1,,1,,
servo,2,,,,1,1,,,
sesión,2,,1,,,,,,1
session,2,1,,1,,,,,
set,2,1,,,,,,1,
setembro,2,,,,,1,,,1
seu,3,,,,,1,,1,1
sex,2,1,,,,,1,,
sexe,2,,,1,,,,1,
sexo,3,,1,,,1,,,1
sexto,3,,1,,,1,,,1
sexual,6,1,1,,,1,1,1,1
sexualmente,3,,1,,,1,,,1
sexy,8,1,1,1,1,1,1,1,1
señor,2,,1,,,,,,1
señora,2,,1,,,,,,1
shock,2,1,,,1,,,,
shopping,2,1,,,1,,,,
show,3,1,1,,,1,,,
si,4,,,1,1,,,1,1
signal,2,1,,1,,,,,
signe,2,,,1,,,,1,
significado,3,,1,,,1,,,1
significar,4,,1,,,1,,1,1
significativamente,3,,1,,,1,,,1
significativo,4,,1,,1,1,,,1
silence,2,1,,1,,,,,
silencio,2,,1,,,,,,1
silencioso,2,,,,,1,,,1
similar,2,1,1,,,,,,
simpatia,2,,,,1,1,,,
simpatía,2,,1,,,,,,1
simple,3,1,1,1,,,,,
simplement,2,,,1,,,,1,
simplemente,2,,1,,,,,,1
simultaneamente,3,,1,,,1,,,1
sinal,2,,,,,1,,,1
sirio,2,,1,,,,,,1
sistema,5,,1,,1,1,,1,1
site,2,1,,1,,,,,
sitio,2,,1,,,,,,1
sitio web,2,,1,,,,,,1
situación,2,,1,,,,,,1
situation,2,1,,1,,,,,
six,2,1,,1,,,,,
ski,2,1,,1,,,,,
slam,2,1,,,,,,1,
snap,2,1,,,,,1,,
so,2,1,,,,,,1,
sobre,4,,1,,,1,,1,1
sobremesa,2,,,,,1,,,1
sobrevivir,2,,1,,,,,,1
social,5,1,1,1,,1,1,,
socialmente,4,,1,,1,1,,,1
sociedade,2,,,,,1,,,1
soda,2,1,1,,,,,,
sodio,3,,1,,1,,,,1
sodium,2,1,,1,,,,,
sofisticado,3,,1,,,1,,,1
sofisticat,2,,,,,,1,1,
software,4,1,1,,,,1,,1
sofá,3,,1,,,1,,,1
sol,6,,1,1,,1,1,1,1
sola,2,,,,,,,1,1
solar,6,1,1,,,1,1,1,1
soldado,3,,1,,,1,,,1
soldat,3,,,1,,,1,1,
sole,2,1,,,1,,,,
soleado,2,,1,,,,,,1
solicitar,2,,1,,,1,,,
solid,2,1,,,,,1,,
solitario,2,,,,1,,,,1
solo,7,1,1,1,1,1,1,,1
soltar,2,,1,,,,,,1
solto,2,,,,,1,,,1
solución,2,,1,,,,,,1
sombra,3,,1,,,1,,,1
son,3,1,,1,,,,,1
sopa,4,,1,,,1,,1,1
sorprendente,3,,1,,1,,,,1
sorprendentemente,2,,,,1,,,,1
sorprendido,2,,1,,,,,,1
sorpresa,4,,1,,1,,,1,1
sorriso,2,,,,,1,,,1
sort,2,1,,,,,,1,
sorte,3,,,1,,1,,,1
sortir,2,,,1,,,,1,
sostenible,2,,1,,,,,1,
sou,2,,,,,1,,1,
soviético,2,,,,,1,,,1
special,2,1,,,,,1,,
specialist,2,1,,,,,1,,
specific,2,1,,,,,1,,
spirit,2,1,,,,,1,,
spiritual,2,1,,,,,1,,
sponsor,3,1,,,1,,1,,
sport,4,1,,1,1,,1,,
stabilire,2,,,,1,,1,,
stable,2,1,,1,,,,,
stand,4,1,,1,1,,1,,
standard,3,1,,,1,,1,,
stare,2,1,,,,,1,,
start,2,1,,,,,1,,
station,2,1,,1,,,,,
statue,2,1,,1,,,,,
status,2,1,,,,1,,,
statut,2,,,1,,,1,,
stimulus,2,1,,1,,,,,
stock,2,1,,,,,,,1
strategic,2,1,,,,,1,,
stress,2,1,,1,,,,,
strict,3,1,,1,,,1,,
structural,2,1,,,,,1,,
structure,2,1,,1,,,,,
student,2,1,,,,,1,,
studio,4,1,,1,1,,1,,
style,2,1,,1,,,,,
su,2,,1,,1,,,,
sua,2,,,,1,1,,,
suave,3,,1,,,1,,,1
suavemente,3,,1,,,1,,,1
subir,2,,,1,,,,,1
substance,2,1,,1,,,,,
substancial,3,,,,,1,,1,1
substituir,2,,,,,1,,1,
subtil,3,,,1,,,1,1,
suburban,2,1,,,,,1,,
suburbano,4,,1,,1,1,,,1
subvención,2,,1,,,,,,1
suc,2,,,,,,1,1,
sucio,2,,1,,,,,,1
sud,2,,,,,,1,1,
sud-est,3,,,1,1,,,1,
suficient,2,,,,,,1,1,
suficiente,3,,1,,,1,,,1
sufrir,2,,1,,,,,,1
sugerir,2,,1,,,1,,,
suggestion,2,1,,1,,,,,
suicide,2,1,,1,,,,,
suicidio,3,,1,,1,,,,1
suite,6,1,1,1,1,,,1,1
suma,3,,1,,,,,1,1
suor,2,,,,,1,,,1
super,6,1,,1,1,1,1,,1
superar,4,,1,,,1,,1,1
superficie,3,,1,,1,,,,1
superfície,2,,,,,1,,1,
superior,6,1,1,,,1,1,1,1
supervisar,3,,1,,,,,1,1
supervisor,4,1,1,,,,,1,1
supervivencia,2,,1,,,,,,1
suplicar,2,,,,,,,1,1
suposición,2,,1,,,,,,1
supostamente,2,,,,,1,,,1
suposto,2,,,,,1,,,1
supporter,2,1,,1,,,,,
suprem,2,,,,,,1,1,
supremo,4,,1,,1,1,,,1
sur,2,,,1,,,,,1
surface,2,1,,1,,,,,
surgir,3,,1,1,,1,,,
surveillance,2,1,,1,,,,,
suspect,3,1,,1,,,1,,
suspender,3,,1,,,1,,,1
suspendre,2,,,1,,,,1,
suspirar,2,,,,,1,,,1
suspiro,2,,1,,,1,,,
susto,3,,1,,,1,,,1
sutil,3,,1,,,1,,,1
syndrome,2,1,,1,,,,,
sábado,3,,1,,,1,,,1
século,2,,,,,1,,,1
sétimo,2,,,,,1,,,1
sí,2,,1,,,,,1,
símbolo,3,,1,,,1,,,1
síndrome,4,,1,,,1,,1,1
síntoma,2,,1,,,,,,1
só,2,,,,,1,,,1
sólido,3,,1,,,1,,,1
súper,2,,1,,,,,1,
súplica,2,,,,,,,1,1
tab,2,1,,,1,,,,
tabaco,3,,1,,,1,,,1
tableta,2,,1,,,,,,1
tacón,2,,1,,,,,,1
tal,3,,,,,1,,1,1
tale,2,1,,,1,,,,
talent,3,1,,,,,1,1,
talento,4,,1,,1,1,,,1
talentoso,3,,1,,,1,,,1
taller,2,,1,,,,,1,
tambor,4,,1,,,1,,1,1
tanque,3,,1,,,1,,,1
tarde,3,,1,,,1,,,1
tarefa,2,,,,,1,,,1
tartaruga,3,,,,1,1,,,1
tasca,2,,,,1,,,1,
tassa,2,,,,1,,,1,
taxa,4,,,,,1,1,1,1
taxi,5,,1,1,1,,1,,1
teatro,2,,1,,,,,,1
technique,2,1,,1,,,,,
tecido,2,,,,,1,,,1
teclado,3,,1,,,1,,,1
tecnicamente,3,,,,1,1,,,1
tecnico,2,,1,,1,,,,
tecnologia,3,,,,1,1,,1,
teenager,2,1,,,1,,,,
tela,4,,1,,1,1,,1,
telescopio,3,,1,,1,,,,1
televisión,2,,1,,,,,,1
teléfono,2,,1,,,,,,1
tema,5,,1,,1,1,,1,1
temperatura,6,,1,,1,1,1,1,1
tempesta,2,,,,1,,,1,
temple,3,1,,1,,,,1,
templo,2,,1,,,,,,1
tempo,2,,,,,1,,,1
temporada,3,,1,,,1,,1,
temporal,3,,1,,,,,1,1
temps,2,,,1,,,,1,
tenda,2,,,,1,,,,1
tendencia,2,,1,,,,,,1
tender,2,1,1,,,,,,
tendre,2,,,1,,,,1,
tenente,3,,,,1,1,,,1
tenir,2,,,1,,,,1,
tenis,3,,1,,,,1,,1
tennis,4,1,,1,1,,,1,
tension,2,1,,1,,,,,
tensión,2,,1,,,,,,1
tentar,2,,,,,1,,,1
teologia,3,,,,1,1,,1,
teoria,3,,,,1,1,,1,
teoría,2,,1,,,,,,1
ter,2,,,,,1,,,1
terapeuta,4,,1,,,1,,1,1
terapia,4,,1,,1,1,,,1
terceiro,2,,,,,1,,,1
terme,2,,,1,,,,1,
termes,2,,,1,,,,1,
termos,2,,,,,1,,,1
terra,4,,,,1,1,,1,1
terremoto,4,,1,,1,1,,,1
terrible,5,1,1,1,,,,1,1
territorio,3,,1,,1,,,,1
terror,5,1,1,,,1,,1,1
terrorisme,2,,,1,,,,1,
terrorismo,4,,1,,1,1,,,1
terrorista,5,,1,,1,1,,1,1
test,3,1,,1,1,,,,
testa,2,,,,1,1,,,
testament,4,1,,1,,,1,1,
testamento,4,,1,,1,1,,,1
teu,2,,,,,,,1,1
text,3,1,,,,,1,1,
texto,3,,1,,,1,,,1
teórico,3,,1,,,1,,,1
tia,2,,,,,1,,1,
tiburón,2,,1,,,,,,1
tigre,5,,,1,1,1,,1,1
timbre,2,,,1,,,,1,
tip,2,1,,,,,1,,
tipicamente,2,,,,1,1,,,
tipo,4,,1,,1,1,,,1
tira,2,,,,,,,1,1
tirar,2,,,,,,,1,1
tiro,2,,,,1,,,,1
titular,3,,1,,,,,1,1
to,2,1,,,,,,1,
toalla,2,,1,,,,,,1
toc,2,,,,,,1,1,
tocar,3,,1,,,,,1,1
todo,3,,1,,,1,,,1
todos,2,,1,,,,,,1
tolerar,4,,1,,,1,,1,1
tomar,2,,1,,,,,,1
tomate,4,,1,1,,1,,,1
ton,3,,,1,,,1,,1
tono,2,,1,,1,,,,
tonterías,2,,1,,,,,,1
top,2,1,,,,,1,,
tormenta,2,,1,,,,,,1
torneo,3,,1,,1,,,,1
torre,4,,1,,,1,,1,1
tort,2,,,1,,,1,,
torta,2,,,,1,1,,,
total,6,1,1,,,1,1,1,1
totalmente,4,,1,,1,1,,,1
touchdown,3,1,,,1,,,,1
tour,3,1,,1,1,,,,
touro,2,,,,,1,,,1
toxic,2,1,,,,,1,,
trace,2,1,,1,,,,,
tradicional,4,,1,,,1,,1,1
tradicionalmente,3,,1,,,1,,,1
tradition,2,1,,1,,,,,
traducir,2,,1,,,,,,1
traer,2,,1,,,,,,1
tragedia,2,,1,,1,,,,
tragic,2,1,,,,,1,,
trailer,2,1,,,1,,,,
trair,2,,,,,1,,1,
trait,2,1,,1,,,,,
trampa,3,,1,,,,,1,1
tranquilo,3,,1,,,1,,,1
transacción,2,,1,,,,,,1
transaction,2,1,,1,,,,,
transfer,2,1,,,,,1,,
transferir,2,,1,,,1,,,
transformación,2,,1,,,,,,1
transformar,4,,1,,,1,,1,1
transformation,2,1,,1,,,,,
transición,2,,1,,,,,,1
transit,2,1,,1,,,,,
transition,2,1,,1,,,,,
transito,2,,,,1,1,,,
transmisión,2,,1,,,,,,1
transmission,2,1,,1,,,,,
transmitir,2,,1,,,,,,1
transport,4,1,,1,,,1,1,
transporte,3,,1,,,1,,,1
tratado,3,,1,,,1,,,1
tratamento,2,,,,,1,,,1
tratar,3,,1,,,1,,,1
trauma,7,1,1,,1,1,1,1,1
tremendo,4,,1,,1,1,,,1
tren,4,,1,,,,1,1,1
trenta,2,,,,1,,,1,
tres,2,,,,,,,1,1
tribal,7,1,1,1,,1,1,1,1
tribo,2,,,,,1,,,1
tribu,3,,1,1,,,,1,
tribunal,3,,,,,1,1,,1
trigo,3,,1,,,1,,,1
trimestre,5,,,1,1,1,,1,1
trinta,2,,,,,1,,,1
tripulación,2,,1,,,,,,1
trist,2,,,,,,1,1,
triste,5,,1,1,1,1,,,1
tron,2,,,,,,1,1,
tronc,2,,,1,,,,1,
tronco,4,,1,,1,1,,,1
trono,4,,1,,1,1,,,1
tropa,4,,1,,,1,,1,1
tropical,7,1,1,1,,1,1,1,1
truc,2,,,,,,1,1,
truco,2,,1,,,,,,1
tráfico,2,,1,,,,,,1
trágico,2,,1,,,1,,,
tránsito,2,,1,,,,,,1
tu,5,,1,1,1,,1,1,
tub,2,,,,,,1,1,
tube,2,1,,1,,,,,
tubo,4,,1,,1,1,,,1
tuck,3,1,,,1,,1,,
tumba,2,,1,,,,,,1
tumor,5,1,1,,,1,,1,1
tunnel,3,1,,1,1,,,,
turista,3,,1,,1,1,,,
turn,2,1,,,,,1,,
tv,3,1,,,1,,,,1
twitter,4,1,,,1,,,1,1
táctica,2,,1,,,,,,1
té,2,,1,,,,,,1
técnica,3,,1,,,1,,,1
técnico,3,,1,,,1,,,1
tía,2,,1,,,,,,1
tímido,3,,1,,,1,,,1
tío,2,,1,,,,,,1
típico,2,,1,,,,,,1
título,3,,1,,,1,,,1
tóxico,3,,1,,,1,,,1
túnel,4,,1,,,1,,1,1
uh,4,1,,,1,,1,,1
uh-huh,4,1,,,,1,1,,1
ultimamente,2,,,,,1,,,1
um,5,1,1,,,,1,1,1
un,4,,,1,1,,,1,1
unha,2,,,,,1,,,1
uni,2,,,1,,,1,,
unicamente,3,,,,1,1,,,1
unidade,2,,,,,1,,,1
uniforme,6,,1,1,1,1,,1,1
unique,2,1,,1,,,,,
unir,4,,1,1,,1,,,1
univers,3,,,1,,,1,1,
universal,6,1,1,,,1,1,1,1
universidade,2,,,,,1,,,1
universo,4,,1,,1,1,,,1
urban,2,1,,,,,1,,
urbano,4,,1,,1,1,,,1
usado,2,,1,,,,,,1
usage,2,1,,1,,,,,
usar,3,,1,,,1,,,1
uso,4,,1,,1,1,,,1
usual,3,1,1,,,1,,,
usuario,2,,1,,,,,,1
utile,2,,,1,1,,,,
utilizar,3,,1,,,1,,,1
vaca,4,,1,,,1,,1,1
vacances,2,,,1,,,,1,
vaccin,2,,,1,,,1,,
vacina,2,,,,,1,,,1
vacuna,2,,1,,,,,1,
vagar,2,,1,,,,,,1
vagón,2,,1,,,,,,1
vai,2,,,,,1,,,1
val,2,,,,,,1,,1
vale,3,,,,,1,1,,1
validez,2,,1,,,,,,1
valioso,3,,1,,,1,,,1
valor,4,,1,,,1,,1,1
vampir,2,,,,,,1,1,
vampire,2,1,,1,,,,,
vampiro,4,,1,,1,1,,,1
van,2,1,,1,,,,,
vapor,4,,1,,,1,,1,1
vaqueiro,2,,,,,1,,,1
vara,2,,1,,,,,,1
variable,5,1,1,1,,,,1,1
variación,2,,1,,,,,,1
variar,4,,1,,,1,,1,1
variation,2,1,,1,,,,,
variedade,2,,,,,1,,,1
varios,2,,1,,,,,,1
varrer,2,,,,,1,,,1
vast,3,1,,,,,1,1,
vasto,3,,1,,1,,,,1
vedere,2,,,,1,,1,,
vegetal,4,,1,,,1,1,1,
vehicle,2,1,,,,,,1,
vehículo,2,,1,,,,,,1
vela,4,,1,,1,1,,,1
venda,2,,,,,,,1,1
vendas,2,,,,,1,,,1
vender,3,,1,,,1,,,1
vendre,2,,,1,,,,1,
venire,2,,,,1,,1,,
vent,2,,,1,,,,1,
ventilador,4,,1,,,1,,1,1
vento,3,,,,1,1,,,1
ventre,2,,,1,,,,1,
ver,3,,1,,,1,,,1
verbal,7,1,1,1,,1,1,1,1
verdade,2,,,,,1,,,1
verde,5,,1,,1,1,1,,1
verdict,3,1,,1,,,1,,
veredicto,2,,1,,,,,,1
verificar,4,,1,,,1,,1,1
vers,2,,,1,,,,1,
verset,2,,,1,,,1,,
version,2,1,,1,,,,,
versión,2,,1,,,,,,1
verso,4,,1,,1,,1,,1
versus,2,1,1,,,,,,
verter,2,,1,,,,,,1
vestir,2,,1,,,1,,,
vestíbulo,2,,1,,,,,,1
veteran,2,1,,,,,1,,
veterano,4,,1,,1,1,,,1
via,3,1,,,1,,,1,
viable,5,1,1,1,,,,1,1
vice,3,1,,1,1,,,,
vicio,2,,1,,,,,,1
vida,4,,1,,,1,,1,1
video,4,1,1,,1,,1,,
vidro,2,,,,,1,,,1
village,2,1,,1,,,,,
vin,2,,,1,,,1,,
vino,3,,1,,1,,1,,
vinte,2,,,,,1,,,1
violación,2,,1,,,,,,1
violar,4,,1,,,1,,1,1
violation,2,1,,1,,,,,
violencia,2,,1,,,,,,1
violent,3,1,,1,,,1,,
violento,4,,1,,1,1,,,1
virtual,5,1,1,,,1,1,1,
virtualmente,4,,1,,1,1,,,1
virtude,2,,,,,1,,,1
virus,7,1,1,1,1,,1,1,1
vis,2,,,1,,,1,,
visible,5,1,1,1,,,,1,1
vision,2,1,,1,,,,,
visita,4,,1,,1,,,1,1
visitante,2,,1,,,,,,1
visión,2,,1,,,,,,1
vista,4,,1,,1,,,1,1
visual,5,1,1,,,1,,1,1
vital,6,1,1,1,,1,1,1,
vitamina,5,,1,,1,,1,1,1
vite,2,,,1,1,,,,
vivo,3,,,,1,1,,,1
vocabulario,2,,1,,,,,,1
vocal,7,1,1,1,,1,1,1,1
voce,2,,,,1,,1,,
voi,2,,,,1,,1,,
vol,2,,,1,,,,1,
volar,2,,1,,,,,1,
voler,2,,,1,,,,1,
volta,2,,,,1,,,1,
voltear,2,,1,,,,,,1
volum,2,,,,,,1,1,
volume,4,1,,,1,1,,,1
voluntario,2,,1,,,,,,1
voo,2,,,,,1,,,1
votación,2,,1,,,,,,1
votar,3,,1,,,,,1,1
vote,2,1,,1,,,,,
voter,2,1,,1,,,,,
voto,2,,,,1,1,,,
voz,3,,1,,,1,,,1
vs,8,1,1,1,1,1,1,1,1
vulnerable,4,1,1,,,,,1,1
válido,3,,1,,,1,,,1
vía,2,,1,,,,,,1
víctima,2,,1,,,,,1,
vídeo,3,,,,,1,,1,1
vínculo,2,,1,,,,,,1
vítima,2,,,,,1,,,1
wagon,2,1,,1,,,,,
web,5,1,1,,,,1,1,1
whoa,4,1,1,1,,,1,,
xerife,2,,,,,1,,,1
zapato,2,,1,,,,,,1
zero,5,1,,,1,1,1,1,
zona,6,,1,,1,1,1,1,1
zone,2,1,,1,,,,,
ácido,3,,1,,,1,,,1
álbum,3,,1,,,1,,,1
ángulo,2,,1,,,,,,1
ánimo,2,,1,,,,,,1
árabe,3,,1,,,1,,,1
área,3,,1,,,1,,,1
élite,2,,1,1,,,,,
ética,3,,1,,,1,,,1
ético,3,,1,,,1,,,1
étnico,3,,1,,,1,,,1
éxito,2,,1,,,,,,1
índice,3,,1,,,1,,,1
íntimo,3,,1,,,1,,,1
ópera,3,,1,,,1,,,1
órbita,2,,,,,1,,,1
último,3,,1,,,1,,,1
único,3,,1,,,1,,,1
útil,4,,1,,,1,,1,1
